,z,channel,raw,controlraw,backgroundcorrected,thresholdmask,binarymask,thresholdwindow,rawwindow
C_1_M04_OC_DGG_P+_151123_1.tif,21,1,"[[0 1 2 ... 0 2 2]
 [2 1 3 ... 0 0 0]
 [0 0 4 ... 0 1 3]
 ...
 [0 0 1 ... 0 0 0]
 [2 0 5 ... 0 0 0]
 [0 1 0 ... 0 1 0]]","[[0 0 0 ... 1 3 0]
 [0 0 0 ... 4 0 0]
 [0 0 0 ... 0 0 0]
 ...
 [0 0 1 ... 3 0 2]
 [0 0 0 ... 1 0 0]
 [0 0 0 ... 0 0 0]]","[[ 0.        0.        0.891884 ...  0.        0.        1.783768]
 [ 0.        0.891884  0.       ...  0.        1.783768 15.162028]
 [ 0.891884  0.        2.675652 ...  0.        0.891884  0.      ]
 ...
 [ 0.        0.891884  0.       ...  0.        0.        0.      ]
 [ 0.        0.        0.       ...  0.        0.        0.891884]
 [ 0.891884  0.        0.       ...  0.891884  0.        0.891884]]","[[0 0 0 ... 0 0 0]
 [0 0 0 ... 0 0 0]
 [0 0 0 ... 0 0 0]
 ...
 [0 0 0 ... 0 0 0]
 [0 0 0 ... 0 0 0]
 [0 0 0 ... 0 0 0]]","[[0 0 0 ... 0 0 0]
 [0 0 0 ... 0 0 1]
 [0 0 0 ... 0 0 0]
 ...
 [0 0 0 ... 0 0 0]
 [0 0 0 ... 0 0 0]
 [0 0 0 ... 0 0 0]]","[[False False False ... False False False]
 [False False False ... False False False]
 [False False False ... False False False]
 ...
 [False False False ... False False False]
 [False False False ... False False False]
 [False False False ... False False False]]","[[ 0  0  2 ...  0  0  2]
 [ 0  1  2 ...  0  3 17]
 [ 3  0  3 ...  1  2  1]
 ...
 [ 0  3  0 ...  0  0  0]
 [ 0  0  0 ...  0  0  1]
 [ 1  0  0 ...  1  0  1]]"
C_2_M04_OC_CA1_P+_161123_1.tif,17,1,"[[ 0  0  0 ...  0  1  0]
 [ 0  0  0 ...  1  1  0]
 [ 0  0  0 ...  2  0  0]
 ...
 [ 2  0  0 ...  1  3  7]
 [ 2  3  1 ...  2  5 10]
 [ 3  1  4 ...  3 11 10]]","[[ 1  2  1 ...  3  3  2]
 [ 5  2  2 ...  2  4  0]
 [ 1  0  3 ...  6 16  5]
 ...
 [ 1  2  2 ...  0  0  1]
 [ 0  0  2 ...  2  4  5]
 [ 2  2  2 ...  4  0  3]]","[[0.       0.579014 0.       ... 0.       0.       0.      ]
 [0.       0.       0.579014 ... 0.       0.       0.      ]
 [0.       0.       0.       ... 0.       0.       0.      ]
 ...
 [0.       0.579014 0.       ... 1.158028 0.       0.      ]
 [0.579014 1.158028 1.158028 ... 0.       0.579014 0.      ]
 [1.158028 0.       0.579014 ... 0.579014 1.158028 0.      ]]","[[0 0 0 ... 0 0 0]
 [0 0 0 ... 0 0 0]
 [0 0 0 ... 0 0 0]
 ...
 [0 0 0 ... 0 0 0]
 [0 0 0 ... 0 0 0]
 [0 0 0 ... 0 0 0]]","[[0 0 0 ... 0 0 0]
 [0 0 0 ... 0 0 0]
 [0 0 0 ... 0 0 0]
 ...
 [0 0 0 ... 0 0 0]
 [0 0 0 ... 0 0 0]
 [0 0 0 ... 0 0 0]]","[[False False False ... False False False]
 [False False False ... False False False]
 [False False False ... False False False]
 ...
 [False False False ... False False False]
 [False False False ... False False False]
 [False False False ... False False False]]","[[0 1 0 ... 0 0 1]
 [0 0 1 ... 0 0 0]
 [0 0 0 ... 0 0 0]
 ...
 [1 1 0 ... 3 0 1]
 [1 2 2 ... 2 1 3]
 [2 0 2 ... 2 2 2]]"
B_4_M04_OC_L1_P+_131123_1.tif,26,1,"[[ 3  4  5 ...  0  1  0]
 [ 0  4  5 ...  0  0  0]
 [ 1  1  7 ...  1  0  0]
 ...
 [ 2  4  1 ...  7 11 13]
 [ 2  4  5 ...  8 11 12]
 [ 1  1  4 ...  9  9  9]]","[[8 5 6 ... 4 1 7]
 [4 7 9 ... 4 5 3]
 [6 2 5 ... 7 8 6]
 ...
 [6 5 1 ... 8 5 2]
 [4 4 4 ... 3 3 3]
 [2 2 2 ... 3 6 5]]","[[ 0.         0.         0.        ...  0.        11.764706   0.       ]
 [ 0.         0.         0.        ...  0.         2.9411764  0.       ]
 [ 0.        11.764706   0.        ...  5.882353   5.882353   0.       ]
 ...
 [ 0.         0.         2.9411764 ...  0.         0.         0.       ]
 [ 2.9411764  5.882353   0.        ...  2.9411764  0.         0.       ]
 [ 0.        14.705883   5.882353  ...  0.         0.         0.       ]]","[[0 0 0 ... 0 0 0]
 [0 0 0 ... 0 0 0]
 [0 0 0 ... 0 0 0]
 ...
 [0 0 0 ... 0 0 0]
 [0 0 0 ... 0 0 0]
 [0 0 0 ... 0 0 0]]","[[0 0 0 ... 0 0 0]
 [1 0 0 ... 0 0 0]
 [0 1 0 ... 0 0 0]
 ...
 [0 0 0 ... 0 0 0]
 [0 1 0 ... 0 0 0]
 [0 0 0 ... 0 0 0]]","[[False False False ... False False False]
 [False False False ... False False False]
 [False False False ... False False False]
 ...
 [False False False ... False False False]
 [False False False ... False False False]
 [False False False ... False False False]]","[[0 5 0 ... 2 4 2]
 [6 5 2 ... 4 5 4]
 [4 9 4 ... 3 4 2]
 ...
 [2 0 5 ... 1 1 2]
 [5 6 4 ... 4 4 1]
 [2 5 3 ... 3 2 1]]"
F_3_M04_OC_L23_P+_231123_1.tif,27,1,"[[0 0 0 ... 0 0 0]
 [0 1 0 ... 0 0 0]
 [0 1 0 ... 0 0 0]
 ...
 [1 0 1 ... 5 1 1]
 [0 0 1 ... 9 1 0]
 [0 0 0 ... 4 1 1]]","[[0 0 1 ... 0 0 0]
 [0 0 0 ... 0 0 0]
 [0 0 0 ... 0 0 1]
 ...
 [0 0 4 ... 1 0 1]
 [2 0 0 ... 0 0 0]
 [1 0 0 ... 1 0 2]]","[[5.  0.  0.  ... 0.  0.  0. ]
 [0.  0.  0.  ... 0.  0.  0. ]
 [2.5 0.  2.5 ... 0.  0.  2.5]
 ...
 [0.  0.  0.  ... 0.  0.  0. ]
 [0.  0.  0.  ... 0.  0.  0. ]
 [0.  2.5 0.  ... 0.  0.  0. ]]","[[0 0 0 ... 0 0 0]
 [0 0 0 ... 0 0 0]
 [0 0 0 ... 0 0 0]
 ...
 [0 0 0 ... 0 0 0]
 [0 0 0 ... 0 0 0]
 [0 0 0 ... 0 0 0]]","[[0 0 0 ... 0 0 0]
 [0 0 0 ... 0 0 0]
 [0 0 0 ... 0 0 0]
 ...
 [0 0 0 ... 0 0 0]
 [0 0 0 ... 0 0 0]
 [0 0 0 ... 0 0 0]]","[[False False False ... False False False]
 [False False False ... False False False]
 [False False False ... False False False]
 ...
 [False False False ... False False False]
 [False False False ... False False False]
 [False False False ... False False False]]","[[2 0 0 ... 0 0 0]
 [0 0 0 ... 0 0 0]
 [1 0 1 ... 0 0 1]
 ...
 [0 0 0 ... 0 1 0]
 [0 0 0 ... 0 0 0]
 [0 1 0 ... 0 0 0]]"
A_4_M04_OC_P+_CA1_011123_1.tif,16,1,"[[ 1  4  8 ... 14 17 20]
 [ 8  3  4 ...  6 11 15]
 [ 4  3  7 ...  8 12 12]
 ...
 [ 5  9  4 ...  6  4  9]
 [12 10  5 ...  5  5  4]
 [23  4 12 ... 11  8  8]]","[[0 3 5 ... 3 4 2]
 [0 7 2 ... 5 4 5]
 [3 5 3 ... 5 6 1]
 ...
 [2 7 1 ... 6 1 0]
 [3 1 1 ... 4 6 3]
 [1 0 1 ... 5 4 3]]","[[ 0.4142248  1.2426745  2.485349  ...  0.         1.2426745  0.       ]
 [ 1.2426745  1.6568992  2.071124  ...  0.         0.4142248  0.4142248]
 [ 0.4142248  0.8284496  0.4142248 ...  0.         0.         0.       ]
 ...
 [ 1.2426745  0.         0.        ... 14.912094  10.769846   7.456047 ]
 [ 0.         0.         2.8995738 ... 18.225891  10.769846   2.071124 ]
 [ 0.         0.         0.        ...  7.0418215  3.7280235  4.970698 ]]","[[0 0 0 ... 0 0 0]
 [0 0 0 ... 0 0 0]
 [0 0 0 ... 0 0 0]
 ...
 [0 0 0 ... 0 0 0]
 [0 0 0 ... 0 0 0]
 [0 0 0 ... 0 0 0]]","[[1 1 1 ... 0 0 0]
 [1 0 1 ... 0 0 0]
 [0 0 0 ... 0 0 0]
 ...
 [1 0 1 ... 1 1 1]
 [0 0 1 ... 1 1 1]
 [0 0 1 ... 1 1 1]]","[[False False False ... False False False]
 [False False False ... False False False]
 [False False False ... False False False]
 ...
 [False False False ... False False False]
 [False False False ... False False False]
 [False False False ... False False False]]","[[ 7  7  8 ...  1  5  1]
 [ 7  6  9 ...  1  3  2]
 [ 5  3  6 ...  3  2  4]
 ...
 [11  2 13 ... 37 30 19]
 [ 5  3 14 ... 44 31 10]
 [ 6  2 14 ... 20 13 15]]"
C_1_M04_OC_L1_P+_151123_1.tif,27,1,"[[0 3 3 ... 0 0 0]
 [0 1 4 ... 0 0 0]
 [2 4 7 ... 0 0 0]
 ...
 [1 2 1 ... 0 0 0]
 [0 2 0 ... 0 0 0]
 [0 1 0 ... 0 0 0]]","[[3 4 3 ... 2 2 0]
 [3 3 3 ... 0 0 3]
 [4 1 3 ... 1 1 3]
 ...
 [2 0 0 ... 0 0 0]
 [2 1 0 ... 0 0 0]
 [1 1 2 ... 0 0 0]]","[[ 0.    0.    6.25 ...  0.    0.   18.75]
 [ 0.    0.    0.   ...  6.25  0.    0.  ]
 [ 6.25 25.   12.5  ...  0.    0.    6.25]
 ...
 [ 6.25  0.    0.   ...  0.    0.    0.  ]
 [ 6.25  6.25  0.   ...  0.    0.    0.  ]
 [ 6.25  0.    0.   ...  0.    0.    0.  ]]","[[0 0 0 ... 0 0 0]
 [0 0 0 ... 0 0 0]
 [0 0 0 ... 0 0 0]
 ...
 [0 0 0 ... 0 0 0]
 [0 0 0 ... 0 0 0]
 [0 0 0 ... 0 0 0]]","[[0 0 0 ... 0 0 0]
 [0 0 0 ... 0 0 0]
 [0 0 0 ... 0 0 0]
 ...
 [0 0 0 ... 0 0 0]
 [0 0 0 ... 0 0 0]
 [0 0 0 ... 0 0 0]]","[[False False False ... False False False]
 [False False False ... False False False]
 [False False False ... False False False]
 ...
 [False False False ... False False False]
 [False False False ... False False False]
 [False False False ... False False False]]","[[0 1 2 ... 0 1 3]
 [0 1 0 ... 2 0 0]
 [1 5 2 ... 1 0 1]
 ...
 [1 0 0 ... 0 0 0]
 [2 1 0 ... 0 1 0]
 [1 1 0 ... 0 0 0]]"
B_3_M04_OC_DGG_P+_131123_1.tif,29,1,"[[3 0 1 ... 2 1 2]
 [0 0 0 ... 1 2 3]
 [0 0 0 ... 0 0 1]
 ...
 [1 1 0 ... 1 1 0]
 [3 1 0 ... 0 3 1]
 [0 1 1 ... 0 0 1]]","[[0 1 0 ... 0 1 1]
 [0 1 0 ... 1 0 0]
 [0 1 0 ... 1 0 0]
 ...
 [0 3 3 ... 0 1 0]
 [2 5 5 ... 2 2 1]
 [0 4 5 ... 2 2 1]]","[[0.       0.       0.       ... 0.       0.       2.173913]
 [0.       6.521739 0.       ... 0.       0.       0.      ]
 [2.173913 2.173913 0.       ... 0.       0.       0.      ]
 ...
 [0.       0.       2.173913 ... 0.       0.       0.      ]
 [0.       8.695652 2.173913 ... 2.173913 0.       2.173913]
 [6.521739 6.521739 4.347826 ... 0.       2.173913 2.173913]]","[[0 0 0 ... 0 0 0]
 [0 0 0 ... 0 0 0]
 [0 0 0 ... 0 0 0]
 ...
 [0 0 0 ... 0 0 0]
 [0 0 0 ... 0 0 0]
 [0 0 0 ... 0 0 0]]","[[0 0 0 ... 0 0 0]
 [0 1 0 ... 0 0 0]
 [1 0 0 ... 0 0 0]
 ...
 [0 0 0 ... 0 0 0]
 [0 1 0 ... 0 0 0]
 [1 1 1 ... 0 0 0]]","[[False False False ... False False False]
 [False False False ... False False False]
 [False False False ... False False False]
 ...
 [False False False ... False False False]
 [False False False ... False False False]
 [False False False ... False False False]]","[[0 0 0 ... 0 1 1]
 [2 3 0 ... 0 0 0]
 [3 2 1 ... 0 0 1]
 ...
 [0 0 2 ... 1 0 0]
 [1 4 1 ... 2 1 1]
 [3 4 3 ... 1 1 1]]"
B_3_M04_OC_L23_P+_061123_1.tif,32,1,"[[3 0 1 ... 4 2 1]
 [3 0 5 ... 0 0 2]
 [1 1 3 ... 4 2 1]
 ...
 [1 0 3 ... 1 2 3]
 [0 3 4 ... 6 1 2]
 [2 2 1 ... 0 4 3]]","[[0 3 0 ... 0 0 2]
 [1 2 1 ... 0 0 0]
 [5 4 1 ... 0 3 2]
 ...
 [0 2 0 ... 3 3 0]
 [1 0 0 ... 0 0 0]
 [2 5 1 ... 0 2 1]]","[[0.         0.         0.         ... 0.         0.26737967 0.        ]
 [0.         0.         0.         ... 0.53475934 0.         0.        ]
 [0.         0.26737967 0.         ... 0.         0.26737967 0.26737967]
 ...
 [0.802139   0.         0.53475934 ... 0.         1.0695187  0.26737967]
 [0.         0.26737967 0.802139   ... 0.         0.53475934 2.6737967 ]
 [0.802139   0.26737967 0.         ... 0.53475934 0.26737967 0.26737967]]","[[0 0 0 ... 0 0 0]
 [0 0 0 ... 0 0 0]
 [0 0 0 ... 0 0 0]
 ...
 [0 0 0 ... 0 0 0]
 [0 0 0 ... 0 0 0]
 [0 0 0 ... 0 0 0]]","[[0 0 0 ... 0 0 0]
 [0 0 0 ... 0 0 0]
 [0 0 0 ... 0 0 0]
 ...
 [0 0 0 ... 0 0 0]
 [0 0 0 ... 0 0 0]
 [0 0 0 ... 0 0 0]]","[[False False False ... False False False]
 [False False False ... False False False]
 [False False False ... False False False]
 ...
 [False False False ... False False False]
 [False False False ... False False False]
 [False False False ... False False False]]","[[ 2  3  1 ...  0  2  0]
 [ 2  3  0 ...  2  1  1]
 [ 0  4  0 ...  0  1  1]
 ...
 [ 3  1  2 ...  0  4  2]
 [ 0  3  4 ...  2  2 11]
 [ 3  1  1 ...  2  1  1]]"
B_4_M04_OC_DGG_P+_151123_1.tif,42,1,"[[0 0 1 ... 1 0 1]
 [1 0 0 ... 2 3 0]
 [0 1 4 ... 0 2 0]
 ...
 [2 0 0 ... 3 0 1]
 [3 0 1 ... 1 1 0]
 [0 0 1 ... 2 0 0]]","[[0 0 1 ... 1 2 2]
 [0 0 0 ... 0 1 5]
 [0 2 0 ... 1 3 4]
 ...
 [4 0 2 ... 0 0 1]
 [1 2 2 ... 1 2 0]
 [1 4 4 ... 2 3 0]]","[[0.        0.        4.5454545 ... 0.        4.5454545 2.2727273]
 [4.5454545 0.        4.5454545 ... 0.        2.2727273 0.       ]
 [6.818182  4.5454545 0.        ... 0.        0.        0.       ]
 ...
 [0.        0.        2.2727273 ... 0.        0.        0.       ]
 [0.        0.        4.5454545 ... 0.        0.        0.       ]
 [0.        0.        0.        ... 0.        0.        0.       ]]","[[0 0 0 ... 0 0 0]
 [0 0 0 ... 0 0 0]
 [0 0 0 ... 0 0 0]
 ...
 [0 0 0 ... 0 0 0]
 [0 0 0 ... 0 0 0]
 [0 0 0 ... 0 0 0]]","[[0 0 0 ... 0 0 0]
 [0 0 0 ... 0 0 0]
 [0 0 0 ... 0 0 0]
 ...
 [0 0 0 ... 0 0 0]
 [0 0 0 ... 0 0 0]
 [0 0 0 ... 0 0 0]]","[[False False False ... False False False]
 [False False False ... False False False]
 [False False False ... False False False]
 ...
 [False False False ... False False False]
 [False False False ... False False False]
 [False False False ... False False False]]","[[0 1 2 ... 0 4 1]
 [2 0 2 ... 0 2 0]
 [3 3 2 ... 0 0 1]
 ...
 [0 0 1 ... 0 0 2]
 [0 1 2 ... 0 0 0]
 [2 1 0 ... 1 1 0]]"
A_4_M04_OC_P+_CA1_011123_2.tif,25,1,"[[ 1  2  1 ...  5  4  4]
 [ 0  2  1 ...  8  2  4]
 [ 3  1  2 ... 10  6  3]
 ...
 [ 0  2  1 ...  0  6  8]
 [ 1  2  2 ...  3  1 10]
 [ 4  0  2 ...  6  6  8]]","[[11 12  9 ...  4  4  5]
 [13 10 10 ...  0  3  9]
 [11  7 22 ...  3  6  8]
 ...
 [12  4  9 ... 11  6  4]
 [ 7  3  6 ...  7  4  4]
 [ 5  1  1 ...  2  1  0]]","[[ 1.25       5.         7.5000005 ...  0.         2.5        2.5      ]
 [ 0.         0.         0.        ... 18.75       5.         0.       ]
 [ 0.         0.         0.        ... 11.25       6.25       3.7500002]
 ...
 [ 0.         7.5000005  6.25      ...  1.25       0.         0.       ]
 [ 1.25       0.         0.        ...  3.7500002  0.        10.       ]
 [ 0.         0.         0.        ...  8.75       5.         0.       ]]","[[0 0 0 ... 0 0 0]
 [0 0 0 ... 0 0 0]
 [0 0 0 ... 0 0 0]
 ...
 [0 0 0 ... 0 0 0]
 [0 0 0 ... 0 0 0]
 [0 0 0 ... 0 0 0]]","[[0 1 1 ... 1 0 1]
 [0 0 0 ... 1 1 0]
 [0 0 0 ... 1 1 1]
 ...
 [0 1 1 ... 1 0 0]
 [0 0 0 ... 1 0 1]
 [0 0 0 ... 1 1 0]]","[[False False False ... False False False]
 [False False False ... False False False]
 [False False False ... False False False]
 ...
 [False False False ... False False False]
 [False False False ... False False False]
 [False False False ... False False False]]","[[ 3  8 12 ...  5  3  6]
 [ 3  3  4 ... 16  5  4]
 [ 3  1  3 ... 11  7  7]
 ...
 [ 2 10  6 ...  6  4  4]
 [ 3  0  3 ...  6  3 10]
 [ 3  3  3 ...  8  8  4]]"
D_3_M04_OC_DGM_P+_221123_1.tif,25,1,"[[0 0 0 ... 0 3 0]
 [0 0 0 ... 1 0 2]
 [2 2 1 ... 1 3 3]
 ...
 [0 0 0 ... 0 1 3]
 [0 0 5 ... 1 0 1]
 [0 2 1 ... 1 0 2]]","[[1 1 1 ... 0 0 2]
 [0 0 3 ... 0 1 0]
 [0 2 3 ... 1 4 0]
 ...
 [0 1 0 ... 0 0 1]
 [1 1 1 ... 0 2 0]
 [2 1 0 ... 1 1 0]]","[[0.        0.        0.        ... 0.        4.166667  2.0833335]
 [0.        0.        0.        ... 2.0833335 0.        6.25     ]
 [0.        0.        4.166667  ... 2.0833335 4.166667  0.       ]
 ...
 [0.        0.        0.        ... 0.        0.        0.       ]
 [0.        0.        2.0833335 ... 0.        0.        0.       ]
 [4.166667  0.        0.        ... 0.        2.0833335 0.       ]]","[[0 0 0 ... 0 0 0]
 [0 0 0 ... 0 0 0]
 [0 0 0 ... 0 0 0]
 ...
 [0 0 0 ... 0 0 0]
 [0 0 0 ... 0 0 0]
 [0 0 0 ... 0 0 0]]","[[0 0 0 ... 0 0 0]
 [0 0 0 ... 0 0 1]
 [0 0 0 ... 0 0 0]
 ...
 [0 0 0 ... 0 0 0]
 [0 0 0 ... 0 0 0]
 [0 0 0 ... 0 0 0]]","[[False False False ... False False False]
 [False False False ... False False False]
 [False False False ... False False False]
 ...
 [False False False ... False False False]
 [False False False ... False False False]
 [False False False ... False False False]]","[[1 1 2 ... 0 2 1]
 [0 0 1 ... 1 1 4]
 [1 0 2 ... 1 2 2]
 ...
 [1 0 0 ... 2 0 0]
 [0 0 1 ... 1 1 0]
 [2 0 0 ... 1 1 0]]"
B_1_M04_OC_DGG_P+_021123_1.tif,40,1,"[[3 3 0 ... 0 0 2]
 [0 0 0 ... 3 2 2]
 [0 1 2 ... 1 4 2]
 ...
 [0 0 0 ... 2 3 2]
 [1 0 0 ... 0 0 1]
 [1 0 0 ... 2 1 0]]","[[ 1  0  1 ...  0  3  3]
 [ 1  0  0 ...  3  3  3]
 [ 1  2  1 ...  0  2  4]
 ...
 [ 1  3  2 ... 33 37 23]
 [ 0  2  1 ... 20 20 23]
 [ 0  0  1 ... 30 14 17]]","[[ 0.         9.090909   6.060606  ...  0.         1.5151515  3.030303 ]
 [12.121212   4.5454545 12.121212  ...  0.         1.5151515  1.5151515]
 [ 0.         4.5454545  6.060606  ...  0.         0.         0.       ]
 ...
 [ 0.         0.         3.030303  ...  0.         1.5151515  0.       ]
 [ 1.5151515  0.         0.        ...  0.         0.         0.       ]
 [ 0.         0.         0.        ...  0.         0.         0.       ]]","[[0 0 0 ... 0 0 0]
 [0 0 0 ... 0 0 0]
 [0 0 0 ... 0 0 0]
 ...
 [0 0 0 ... 0 0 0]
 [0 0 0 ... 0 0 0]
 [0 0 0 ... 0 0 0]]","[[0 0 0 ... 0 0 0]
 [0 0 0 ... 0 0 0]
 [0 0 0 ... 0 0 0]
 ...
 [0 0 0 ... 0 0 0]
 [0 0 0 ... 0 0 0]
 [0 0 0 ... 0 0 0]]","[[False False False ... False False False]
 [False False False ... False False False]
 [False False False ... False False False]
 ...
 [False False False ... False False False]
 [False False False ... False False False]
 [False False False ... False False False]]","[[1 6 4 ... 1 2 2]
 [8 3 8 ... 2 1 1]
 [1 3 6 ... 0 0 0]
 ...
 [0 0 4 ... 0 1 0]
 [1 0 0 ... 0 0 1]
 [2 0 1 ... 0 0 0]]"
F_1_M04_OC_L4_P+_231123_1.tif,25,1,"[[0 0 0 ... 0 0 0]
 [0 0 0 ... 0 1 0]
 [0 0 0 ... 0 0 0]
 ...
 [0 0 0 ... 0 0 0]
 [0 0 0 ... 0 0 0]
 [0 0 0 ... 0 1 0]]","[[1 0 0 ... 0 0 0]
 [0 0 1 ... 0 1 0]
 [0 0 0 ... 0 0 0]
 ...
 [0 0 0 ... 0 0 0]
 [1 0 0 ... 0 0 0]
 [1 0 0 ... 0 0 0]]","[[0. 0. 0. ... 0. 0. 0.]
 [0. 0. 0. ... 0. 2. 0.]
 [0. 0. 0. ... 0. 0. 0.]
 ...
 [0. 0. 0. ... 0. 0. 0.]
 [0. 0. 0. ... 0. 0. 0.]
 [0. 0. 0. ... 0. 0. 0.]]","[[0 0 0 ... 0 0 0]
 [0 0 0 ... 0 0 0]
 [0 0 0 ... 0 0 0]
 ...
 [0 0 0 ... 0 0 0]
 [0 0 0 ... 0 0 0]
 [0 0 0 ... 0 0 0]]","[[0 0 0 ... 0 0 0]
 [0 0 0 ... 0 0 0]
 [0 0 0 ... 0 0 0]
 ...
 [0 0 0 ... 0 0 0]
 [0 0 0 ... 0 0 0]
 [0 0 0 ... 0 0 0]]","[[False False False ... False False False]
 [False False False ... False False False]
 [False False False ... False False False]
 ...
 [False False False ... False False False]
 [False False False ... False False False]
 [False False False ... False False False]]","[[0 0 0 ... 0 0 0]
 [0 0 0 ... 0 1 0]
 [0 0 0 ... 0 0 0]
 ...
 [0 0 0 ... 0 0 0]
 [0 0 0 ... 0 0 0]
 [0 0 0 ... 0 0 0]]"
C_2_M04_OC_L23_P+_161123_2.tif,14,1,"[[1 4 3 ... 3 0 3]
 [1 0 6 ... 5 5 3]
 [1 2 0 ... 0 4 4]
 ...
 [8 7 3 ... 0 1 0]
 [1 3 3 ... 0 1 0]
 [1 0 2 ... 0 0 3]]","[[2 0 0 ... 0 0 2]
 [3 0 6 ... 0 1 0]
 [3 3 5 ... 0 1 3]
 ...
 [1 0 0 ... 0 0 0]
 [0 0 0 ... 0 0 0]
 [2 4 2 ... 0 0 0]]","[[0.92844135 0.         0.         ... 0.         0.46422067 1.3926619 ]
 [0.46422067 3.2495446  0.46422067 ... 0.         0.         0.92844135]
 [2.3211033  2.3211033  1.3926619  ... 0.         0.46422067 0.92844135]
 ...
 [0.         0.         0.         ... 0.92844135 1.8568827  1.3926619 ]
 [1.3926619  0.92844135 3.7137654  ... 0.         0.46422067 0.46422067]
 [0.         0.46422067 3.2495446  ... 0.         0.92844135 0.        ]]","[[0 0 0 ... 0 0 0]
 [0 0 0 ... 0 0 0]
 [0 0 0 ... 0 0 0]
 ...
 [0 0 0 ... 0 0 0]
 [0 0 0 ... 0 0 0]
 [0 0 0 ... 0 0 0]]","[[1 1 0 ... 0 0 1]
 [1 1 1 ... 0 0 1]
 [1 1 1 ... 1 0 1]
 ...
 [1 1 0 ... 1 1 1]
 [1 1 1 ... 1 0 0]
 [0 0 1 ... 0 1 1]]","[[False False False ... False False False]
 [False False False ... False False False]
 [False False False ... False False False]
 ...
 [False False False ... False False False]
 [False False False ... False False False]
 [False False False ... False False False]]","[[ 5  4  1 ...  0  1  3]
 [ 3  9  3 ...  1  1  4]
 [ 6  5  5 ...  2  1  2]
 ...
 [ 2  2  0 ...  2  4  3]
 [ 4  2 10 ...  2  1  1]
 [ 1  1 10 ...  1  3  2]]"
F_1_M04_OC_L4_P+_231123_2.tif,10,1,"[[0 0 1 ... 0 0 0]
 [0 0 0 ... 0 0 0]
 [0 0 0 ... 0 0 0]
 ...
 [0 0 0 ... 1 0 0]
 [0 0 0 ... 0 0 0]
 [0 1 0 ... 0 0 0]]","[[0 0 0 ... 0 0 0]
 [0 0 0 ... 0 0 0]
 [0 0 0 ... 0 0 0]
 ...
 [0 0 0 ... 0 0 0]
 [1 0 1 ... 0 0 0]
 [0 0 0 ... 1 0 0]]","[[0.        0.        0.        ... 0.        0.        0.       ]
 [0.        0.        0.        ... 0.        0.        1.7241379]
 [0.        0.        0.        ... 0.        0.        0.       ]
 ...
 [0.        0.        0.        ... 0.        0.        0.       ]
 [0.        0.        0.        ... 0.        0.        0.       ]
 [0.        0.        0.        ... 0.        0.        0.       ]]","[[0 0 0 ... 0 0 0]
 [0 0 0 ... 0 0 0]
 [0 0 0 ... 0 0 0]
 ...
 [0 0 0 ... 0 0 0]
 [0 0 0 ... 0 0 0]
 [0 0 0 ... 0 0 0]]","[[0 0 0 ... 0 0 0]
 [0 0 0 ... 0 0 0]
 [0 0 0 ... 0 0 0]
 ...
 [0 0 0 ... 0 0 0]
 [0 0 0 ... 0 0 0]
 [0 0 0 ... 0 0 0]]","[[False False False ... False False False]
 [False False False ... False False False]
 [False False False ... False False False]
 ...
 [False False False ... False False False]
 [False False False ... False False False]
 [False False False ... False False False]]","[[0 0 0 ... 0 0 0]
 [0 0 0 ... 0 0 1]
 [0 0 0 ... 0 0 0]
 ...
 [0 0 0 ... 0 0 0]
 [0 0 0 ... 0 0 0]
 [0 0 0 ... 0 0 0]]"
C_2_M04_OC_L23_P+_161123_1.tif,23,1,"[[0 0 3 ... 1 0 0]
 [0 0 0 ... 0 0 1]
 [0 0 0 ... 0 0 0]
 ...
 [1 2 1 ... 0 0 0]
 [0 0 1 ... 1 1 1]
 [0 0 1 ... 0 0 0]]","[[1 1 2 ... 0 0 0]
 [3 1 0 ... 1 0 0]
 [1 1 0 ... 0 0 0]
 ...
 [0 0 0 ... 0 0 0]
 [0 0 0 ... 0 0 0]
 [0 0 1 ... 0 0 0]]","[[0.        0.        0.        ... 6.666667  3.3333335 0.       ]
 [0.        0.        0.        ... 0.        0.        6.666667 ]
 [3.3333335 0.        6.666667  ... 0.        0.        3.3333335]
 ...
 [0.        0.        0.        ... 0.        0.        0.       ]
 [0.        0.        0.        ... 0.        0.        0.       ]
 [0.        0.        0.        ... 0.        0.        0.       ]]","[[0 0 0 ... 0 0 0]
 [0 0 0 ... 0 0 0]
 [0 0 0 ... 0 0 0]
 ...
 [0 0 0 ... 0 0 0]
 [0 0 0 ... 0 0 0]
 [0 0 0 ... 0 0 0]]","[[0 0 0 ... 0 0 0]
 [0 0 0 ... 0 0 0]
 [0 0 0 ... 0 0 0]
 ...
 [0 0 0 ... 0 0 0]
 [0 0 0 ... 0 0 0]
 [0 0 0 ... 0 0 0]]","[[False False False ... False False False]
 [False False False ... False False False]
 [False False False ... False False False]
 ...
 [False False False ... False False False]
 [False False False ... False False False]
 [False False False ... False False False]]","[[0 0 0 ... 2 1 0]
 [0 0 0 ... 0 0 2]
 [2 0 2 ... 0 0 2]
 ...
 [0 0 0 ... 0 0 0]
 [0 0 0 ... 0 0 0]
 [0 0 0 ... 0 0 0]]"
B_1_M04_OC_CA1_P+_021123_1.tif,28,1,"[[ 4  5  5 ... 10  0  2]
 [10  4  2 ...  2  0  2]
 [ 1  3  6 ...  4  3  2]
 ...
 [ 2  8  2 ...  1  1  0]
 [ 8 10 11 ...  1  2  0]
 [ 6  3 18 ...  4  1  0]]","[[1 3 2 ... 1 0 1]
 [0 0 1 ... 0 0 1]
 [0 2 3 ... 2 3 0]
 ...
 [0 0 2 ... 4 1 3]
 [0 2 3 ... 2 0 0]
 [1 0 0 ... 1 0 4]]","[[2.5550442  0.         5.1100883  ... 0.         5.1100883  2.5550442 ]
 [0.         1.7033627  6.813451   ... 1.7033627  1.7033627  4.258407  ]
 [2.5550442  2.5550442  4.258407   ... 1.7033627  0.85168135 0.        ]
 ...
 [3.4067254  0.85168135 0.85168135 ... 1.7033627  0.85168135 0.85168135]
 [5.1100883  0.85168135 1.7033627  ... 0.         0.         0.        ]
 [1.7033627  1.7033627  1.7033627  ... 2.5550442  3.4067254  0.85168135]]","[[0 0 0 ... 0 0 0]
 [0 0 0 ... 0 0 0]
 [0 0 0 ... 0 0 0]
 ...
 [0 0 0 ... 0 0 0]
 [0 0 0 ... 0 0 0]
 [0 0 0 ... 0 0 0]]","[[0 0 1 ... 0 1 0]
 [0 0 1 ... 0 0 1]
 [0 0 0 ... 1 0 0]
 ...
 [0 0 0 ... 0 0 0]
 [1 0 0 ... 0 0 0]
 [0 0 0 ... 0 0 0]]","[[False False False ... False False False]
 [False False False ... False False False]
 [False False False ... False False False]
 ...
 [False False False ... False False False]
 [False False False ... False False False]
 [False False False ... False False False]]","[[ 3  1  6 ...  4  6  3]
 [ 3  2  8 ...  2  2 10]
 [ 3  4  5 ...  6  4  3]
 ...
 [ 4  2  1 ...  2  2  1]
 [ 6  1  2 ...  1  1  2]
 [ 2  2  2 ...  3  4  3]]"
D_4_M04_OC_L1_P+_221123_1.tif,19,1,"[[0 0 0 ... 0 0 0]
 [0 0 0 ... 0 0 0]
 [0 0 0 ... 0 0 0]
 ...
 [0 0 0 ... 0 0 0]
 [0 0 0 ... 0 0 0]
 [0 0 0 ... 0 0 0]]","[[0 0 0 ... 0 0 0]
 [0 0 0 ... 0 0 0]
 [0 0 0 ... 0 0 0]
 ...
 [0 0 0 ... 0 0 0]
 [0 0 1 ... 0 0 0]
 [0 0 0 ... 0 0 0]]","[[0.        3.3333335 0.        ... 0.        0.        0.       ]
 [0.        0.        0.        ... 0.        0.        0.       ]
 [3.3333335 0.        0.        ... 0.        0.        0.       ]
 ...
 [0.        0.        0.        ... 0.        0.        0.       ]
 [0.        0.        0.        ... 0.        0.        0.       ]
 [0.        0.        0.        ... 0.        0.        0.       ]]","[[0 0 0 ... 0 0 0]
 [0 0 0 ... 0 0 0]
 [0 0 0 ... 0 0 0]
 ...
 [0 0 0 ... 0 0 0]
 [0 0 0 ... 0 0 0]
 [0 0 0 ... 0 0 0]]","[[0 0 0 ... 0 0 0]
 [0 0 0 ... 0 0 0]
 [0 0 0 ... 0 0 0]
 ...
 [0 0 0 ... 0 0 0]
 [0 0 0 ... 0 0 0]
 [0 0 0 ... 0 0 0]]","[[False False False ... False False False]
 [False False False ... False False False]
 [False False False ... False False False]
 ...
 [False False False ... False False False]
 [False False False ... False False False]
 [False False False ... False False False]]","[[0 1 0 ... 0 0 0]
 [0 0 0 ... 0 0 0]
 [1 0 0 ... 0 0 0]
 ...
 [0 0 0 ... 0 0 0]
 [0 0 0 ... 0 0 0]
 [0 0 0 ... 0 0 0]]"
C_1_M04_OC_L23_P+_151123_2.tif,34,1,"[[ 6  4  2 ...  4  6  3]
 [ 4  5  4 ...  1  8  8]
 [ 3  1  3 ...  6  5  3]
 ...
 [ 5  3  3 ...  3  8  6]
 [ 4  3  3 ...  4  5 10]
 [ 3  7  4 ...  7  4  8]]","[[3 2 6 ... 4 2 4]
 [3 4 4 ... 3 2 4]
 [3 2 6 ... 3 4 1]
 ...
 [5 3 4 ... 4 2 4]
 [7 4 4 ... 4 5 4]
 [4 4 5 ... 4 6 4]]","[[1.4285715  0.         0.         ... 0.71428573 1.0714287  2.1428573 ]
 [0.         0.         0.         ... 1.0714287  1.7857144  1.7857144 ]
 [0.         0.         0.         ... 2.5        3.5714288  0.        ]
 ...
 [0.35714287 0.         0.         ... 0.71428573 1.7857144  0.        ]
 [0.         1.4285715  0.         ... 0.         0.35714287 2.857143  ]
 [2.857143   0.         0.         ... 0.35714287 3.2142859  0.71428573]]","[[0 0 0 ... 0 0 0]
 [0 0 0 ... 0 0 0]
 [0 0 0 ... 0 0 0]
 ...
 [0 0 0 ... 0 0 0]
 [0 0 0 ... 0 0 0]
 [0 0 0 ... 0 0 0]]","[[0 0 0 ... 1 0 0]
 [0 0 0 ... 0 1 1]
 [0 0 0 ... 1 1 0]
 ...
 [0 0 0 ... 0 1 0]
 [0 0 0 ... 0 0 1]
 [0 0 0 ... 0 1 0]]","[[False False False ... False False False]
 [False False False ... False False False]
 [False False False ... False False False]
 ...
 [False False False ... False False False]
 [False False False ... False False False]
 [False False False ... False False False]]","[[ 8  2  6 ...  9  5  6]
 [ 4  6  3 ...  5 10 12]
 [ 4  0  3 ... 10 12  6]
 ...
 [ 8  1  4 ...  4  9  7]
 [ 7  8  4 ...  5  8 10]
 [ 8  3  4 ...  2 10  8]]"
D_4_M04_OC_L1_P+_221123_2.tif,20,1,"[[0 0 0 ... 0 0 0]
 [0 0 0 ... 0 0 0]
 [0 0 0 ... 0 0 0]
 ...
 [0 0 0 ... 0 0 0]
 [0 0 0 ... 0 0 0]
 [0 0 0 ... 0 0 0]]","[[0 0 0 ... 0 0 0]
 [0 0 0 ... 0 0 0]
 [0 0 0 ... 1 1 0]
 ...
 [0 0 0 ... 0 0 0]
 [0 0 0 ... 0 0 0]
 [0 1 0 ... 0 0 0]]","[[0.    0.    0.    ... 0.    0.    0.   ]
 [0.    0.    0.    ... 0.    0.    0.   ]
 [0.    0.    0.    ... 0.    0.    0.   ]
 ...
 [0.    0.    0.    ... 0.    0.    0.   ]
 [0.    0.    0.    ... 0.    0.    0.   ]
 [0.    0.    0.    ... 0.    3.125 0.   ]]","[[0 0 0 ... 0 0 0]
 [0 0 0 ... 0 0 0]
 [0 0 0 ... 0 0 0]
 ...
 [0 0 0 ... 0 0 0]
 [0 0 0 ... 0 0 0]
 [0 0 0 ... 0 0 0]]","[[0 0 0 ... 0 0 0]
 [0 0 0 ... 0 0 0]
 [0 0 0 ... 0 0 0]
 ...
 [0 0 0 ... 0 0 0]
 [0 0 0 ... 0 0 0]
 [0 0 0 ... 0 0 0]]","[[False False False ... False False False]
 [False False False ... False False False]
 [False False False ... False False False]
 ...
 [False False False ... False False False]
 [False False False ... False False False]
 [False False False ... False False False]]","[[0 0 0 ... 0 0 0]
 [0 0 0 ... 0 0 0]
 [0 0 0 ... 0 0 0]
 ...
 [0 0 0 ... 0 0 0]
 [0 0 0 ... 0 0 0]
 [0 0 0 ... 0 1 0]]"
F_2_M04_OC_CA1_P+_231123_1.tif,29,1,"[[0 0 0 ... 1 0 0]
 [0 1 0 ... 0 0 0]
 [0 0 0 ... 1 0 0]
 ...
 [1 0 0 ... 0 0 1]
 [0 0 0 ... 1 0 0]
 [1 0 1 ... 1 0 1]]","[[0 2 0 ... 0 0 0]
 [0 1 0 ... 0 0 0]
 [0 1 0 ... 0 0 0]
 ...
 [0 2 0 ... 0 0 0]
 [0 0 0 ... 0 0 0]
 [1 0 0 ... 0 0 0]]","[[0.         0.         0.         ... 0.         0.84240746 0.        ]
 [0.         0.         0.         ... 0.         0.         0.84240746]
 [0.         0.         0.         ... 0.         0.         0.        ]
 ...
 [1.6848149  0.         0.         ... 0.         0.         0.        ]
 [0.         0.         0.         ... 0.         0.         0.        ]
 [0.84240746 0.         0.         ... 0.         0.         0.        ]]","[[0 0 0 ... 0 0 0]
 [0 0 0 ... 0 0 0]
 [0 0 0 ... 0 0 0]
 ...
 [0 0 0 ... 0 0 0]
 [0 0 0 ... 0 0 0]
 [0 0 0 ... 0 0 0]]","[[0 0 0 ... 0 0 0]
 [0 0 0 ... 0 0 0]
 [0 0 0 ... 0 0 0]
 ...
 [0 0 0 ... 0 0 0]
 [0 0 0 ... 0 0 0]
 [0 0 0 ... 0 0 0]]","[[False False False ... False False False]
 [False False False ... False False False]
 [False False False ... False False False]
 ...
 [False False False ... False False False]
 [False False False ... False False False]
 [False False False ... False False False]]","[[0 0 0 ... 0 1 0]
 [0 0 0 ... 0 0 1]
 [0 0 0 ... 0 0 0]
 ...
 [2 0 0 ... 0 0 0]
 [0 0 0 ... 0 0 0]
 [1 0 0 ... 0 0 0]]"
C_2_M04_OC_DGG_P+_161123_1.tif,49,1,"[[0 0 0 ... 0 5 0]
 [0 0 0 ... 0 0 0]
 [0 0 0 ... 0 0 0]
 ...
 [0 2 0 ... 1 3 0]
 [1 1 1 ... 0 2 0]
 [0 0 0 ... 0 1 1]]","[[2 2 0 ... 0 1 1]
 [1 6 3 ... 0 1 1]
 [3 0 2 ... 0 0 0]
 ...
 [0 0 3 ... 0 0 4]
 [0 0 0 ... 0 0 2]
 [0 0 0 ... 3 0 2]]","[[0.6222489 1.2444978 0.6222489 ... 0.        0.        0.6222489]
 [0.        1.8667467 0.        ... 0.        0.6222489 0.       ]
 [0.        1.8667467 0.6222489 ... 0.        0.        1.8667467]
 ...
 [0.        0.        0.        ... 1.8667467 1.2444978 0.6222489]
 [0.        0.        0.        ... 0.        0.        0.       ]
 [0.        0.        0.        ... 0.6222489 0.        0.6222489]]","[[0 0 0 ... 0 0 0]
 [0 0 0 ... 0 0 0]
 [0 0 0 ... 0 0 0]
 ...
 [0 0 0 ... 0 0 0]
 [0 0 0 ... 0 0 0]
 [0 0 0 ... 0 0 0]]","[[0 0 0 ... 0 0 0]
 [0 0 0 ... 0 0 0]
 [0 0 0 ... 0 0 0]
 ...
 [0 0 0 ... 0 0 0]
 [0 0 0 ... 0 0 0]
 [0 0 0 ... 0 0 0]]","[[False False False ... False False False]
 [False False False ... False False False]
 [False False False ... False False False]
 ...
 [False False False ... False False False]
 [False False False ... False False False]
 [False False False ... False False False]]","[[1 2 1 ... 0 0 1]
 [0 3 1 ... 0 1 0]
 [0 3 1 ... 2 0 3]
 ...
 [0 0 1 ... 3 3 1]
 [0 0 0 ... 3 0 0]
 [0 0 0 ... 2 0 1]]"
B_1_M04_OC_L4_P+_021123_1.tif,19,1,"[[1 0 2 ... 0 3 0]
 [1 1 2 ... 1 0 1]
 [3 0 3 ... 2 1 0]
 ...
 [3 3 1 ... 6 6 6]
 [3 0 1 ... 0 3 5]
 [3 2 2 ... 3 2 6]]","[[ 8  6  1 ...  2  4  4]
 [ 3  3  2 ...  5  4  1]
 [ 3  4  3 ...  4  2  1]
 ...
 [ 1  4  3 ...  3  5  3]
 [ 2  2  3 ...  1  4 11]
 [ 0  0  3 ...  1  1  6]]","[[ 2.857143   0.         0.        ...  2.857143   0.        10.       ]
 [ 0.         2.857143   0.        ...  0.         0.         4.2857146]
 [ 0.         0.         0.        ...  0.         0.         0.       ]
 ...
 [ 2.857143   0.         0.        ...  0.         0.         0.       ]
 [ 5.714286   0.         0.        ...  0.         0.         0.       ]
 [ 1.4285715  2.857143   0.        ...  0.         1.4285715  0.       ]]","[[0 0 0 ... 0 0 0]
 [0 0 0 ... 0 0 0]
 [0 0 0 ... 0 0 0]
 ...
 [0 0 0 ... 0 0 0]
 [0 0 0 ... 0 0 0]
 [0 0 0 ... 0 0 0]]","[[0 0 0 ... 0 0 1]
 [0 0 0 ... 0 0 0]
 [0 0 0 ... 0 0 0]
 ...
 [0 0 0 ... 0 0 0]
 [0 0 0 ... 0 0 0]
 [0 0 0 ... 0 0 0]]","[[False False False ... False False False]
 [False False False ... False False False]
 [False False False ... False False False]
 ...
 [False False False ... False False False]
 [False False False ... False False False]
 [False False False ... False False False]]","[[3 1 3 ... 3 0 8]
 [0 3 1 ... 1 2 3]
 [1 0 0 ... 2 1 3]
 ...
 [3 2 1 ... 1 1 1]
 [4 1 1 ... 1 0 3]
 [3 2 3 ... 2 2 2]]"
B_3_M04_OC_L1_P+_061123_2.tif,23,1,"[[0 0 0 ... 0 0 0]
 [0 0 0 ... 0 0 0]
 [0 0 0 ... 0 0 0]
 ...
 [1 0 0 ... 0 0 0]
 [1 0 1 ... 0 0 0]
 [1 0 0 ... 0 0 0]]","[[0 0 0 ... 0 0 0]
 [0 0 0 ... 0 0 0]
 [1 0 3 ... 0 0 0]
 ...
 [0 0 0 ... 0 0 0]
 [0 1 1 ... 0 2 1]
 [0 3 3 ... 1 0 2]]","[[3.846154 0.       0.       ... 0.       0.       0.      ]
 [7.692308 0.       0.       ... 0.       0.       0.      ]
 [0.       0.       0.       ... 0.       0.       0.      ]
 ...
 [0.       0.       0.       ... 0.       0.       0.      ]
 [0.       0.       0.       ... 0.       0.       0.      ]
 [0.       0.       0.       ... 0.       0.       0.      ]]","[[0 0 0 ... 0 0 0]
 [0 0 0 ... 0 0 0]
 [0 0 0 ... 0 0 0]
 ...
 [0 0 0 ... 0 0 0]
 [0 0 0 ... 0 0 0]
 [0 0 0 ... 0 0 0]]","[[0 0 0 ... 0 0 0]
 [0 0 0 ... 0 0 0]
 [0 0 0 ... 0 0 0]
 ...
 [0 0 0 ... 0 0 0]
 [0 0 0 ... 0 0 0]
 [0 0 0 ... 0 0 0]]","[[False False False ... False False False]
 [False False False ... False False False]
 [False False False ... False False False]
 ...
 [False False False ... False False False]
 [False False False ... False False False]
 [False False False ... False False False]]","[[1 0 0 ... 0 0 0]
 [2 0 0 ... 0 0 0]
 [0 0 0 ... 0 0 0]
 ...
 [0 0 0 ... 0 0 0]
 [1 0 0 ... 0 0 0]
 [0 0 0 ... 0 0 0]]"
C_2_M04_OC_L1_P+_161123_3.tif,21,1,"[[0 0 0 ... 0 0 0]
 [0 0 0 ... 0 0 0]
 [0 0 0 ... 0 0 0]
 ...
 [0 0 0 ... 0 0 0]
 [0 0 0 ... 0 0 0]
 [0 0 0 ... 0 0 0]]","[[0 0 0 ... 0 3 0]
 [0 0 0 ... 2 0 0]
 [0 0 0 ... 2 1 1]
 ...
 [0 1 0 ... 0 0 0]
 [0 0 0 ... 0 0 0]
 [0 0 0 ... 0 0 0]]","[[0.        2.9411764 0.        ... 0.        0.        0.       ]
 [0.        0.        0.        ... 0.        0.        0.       ]
 [0.        0.        0.        ... 0.        0.        0.       ]
 ...
 [0.        0.        0.        ... 0.        0.        0.       ]
 [0.        0.        0.        ... 0.        0.        0.       ]
 [0.        0.        0.        ... 0.        0.        0.       ]]","[[0 0 0 ... 0 0 0]
 [0 0 0 ... 0 0 0]
 [0 0 0 ... 0 0 0]
 ...
 [0 0 0 ... 0 0 0]
 [0 0 0 ... 0 0 0]
 [0 0 0 ... 0 0 0]]","[[0 0 0 ... 0 0 0]
 [0 0 0 ... 0 0 0]
 [0 0 0 ... 0 0 0]
 ...
 [0 0 0 ... 0 0 0]
 [0 0 0 ... 0 0 0]
 [0 0 0 ... 0 0 0]]","[[False False False ... False False False]
 [False False False ... False False False]
 [False False False ... False False False]
 ...
 [False False False ... False False False]
 [False False False ... False False False]
 [False False False ... False False False]]","[[0 1 0 ... 0 0 0]
 [0 0 0 ... 0 0 0]
 [0 0 0 ... 0 0 0]
 ...
 [0 0 0 ... 0 0 0]
 [0 0 0 ... 0 0 0]
 [0 0 0 ... 0 0 0]]"
C_1_M04_OC_CA1_P+_151123_1.tif,18,1,"[[0 2 0 ... 0 0 4]
 [0 1 2 ... 0 0 0]
 [3 6 4 ... 1 3 2]
 ...
 [0 2 1 ... 1 1 4]
 [1 0 0 ... 1 0 2]
 [1 0 0 ... 0 0 2]]","[[ 1  3  8 ...  1  2  2]
 [ 3 12  1 ...  4  1  0]
 [ 3  7  3 ...  1  1  1]
 ...
 [ 1  4  0 ...  3  3  3]
 [ 0  0  1 ...  3  6  8]
 [ 2  0  1 ...  1  0  2]]","[[0.        0.        0.        ... 0.        0.        0.       ]
 [3.2258062 1.6129031 0.        ... 4.8387094 0.        0.       ]
 [0.        0.        1.6129031 ... 0.        0.        8.064516 ]
 ...
 [0.        0.        1.6129031 ... 3.2258062 0.        1.6129031]
 [0.        1.6129031 3.2258062 ... 0.        0.        4.8387094]
 [0.        1.6129031 6.4516125 ... 0.        0.        0.       ]]","[[0 0 0 ... 0 0 0]
 [0 0 0 ... 0 0 0]
 [0 0 0 ... 0 0 0]
 ...
 [0 0 0 ... 0 0 0]
 [0 0 0 ... 0 0 0]
 [0 0 0 ... 0 0 0]]","[[0 0 0 ... 0 0 0]
 [1 0 0 ... 1 0 0]
 [0 0 0 ... 0 0 1]
 ...
 [0 0 0 ... 0 0 0]
 [0 0 0 ... 0 0 1]
 [0 0 1 ... 0 0 0]]","[[False False False ... False False False]
 [False False False ... False False False]
 [False False False ... False False False]
 ...
 [False False False ... False False False]
 [False False False ... False False False]
 [False False False ... False False False]]","[[1 0 0 ... 1 0 2]
 [4 1 0 ... 4 1 1]
 [0 2 1 ... 1 1 5]
 ...
 [1 1 1 ... 3 0 2]
 [1 1 2 ... 0 3 4]
 [0 1 4 ... 1 0 1]]"
B_3_M04_OC_CA1_P+_131123_1.tif,18,1,"[[0 1 1 ... 1 1 0]
 [0 0 0 ... 0 1 0]
 [1 1 0 ... 0 0 1]
 ...
 [2 0 0 ... 1 0 3]
 [0 0 1 ... 2 0 1]
 [0 0 2 ... 1 2 2]]","[[2 4 3 ... 0 0 1]
 [0 2 3 ... 1 1 0]
 [1 3 4 ... 0 0 0]
 ...
 [0 0 1 ... 1 0 0]
 [2 0 0 ... 1 1 0]
 [1 1 0 ... 1 1 0]]","[[0.     0.     0.     ... 1.5625 0.     0.    ]
 [0.     0.     0.     ... 0.     0.     0.    ]
 [1.5625 0.     0.     ... 0.     1.5625 1.5625]
 ...
 [0.     0.     0.     ... 0.     0.     0.    ]
 [0.     0.     0.     ... 0.     0.     0.    ]
 [1.5625 0.     0.     ... 0.     0.     0.    ]]","[[0 0 0 ... 0 0 0]
 [0 0 0 ... 0 0 0]
 [0 0 0 ... 0 0 0]
 ...
 [0 0 0 ... 0 0 0]
 [0 0 0 ... 0 0 0]
 [0 0 0 ... 0 0 0]]","[[0 0 0 ... 0 0 0]
 [0 0 0 ... 0 0 0]
 [0 0 0 ... 0 0 0]
 ...
 [0 0 0 ... 0 0 0]
 [1 0 0 ... 0 0 0]
 [0 0 0 ... 0 0 0]]","[[False False False ... False False False]
 [False False False ... False False False]
 [False False False ... False False False]
 ...
 [False False False ... False False False]
 [False False False ... False False False]
 [False False False ... False False False]]","[[1 0 0 ... 1 0 0]
 [0 0 0 ... 0 0 0]
 [1 0 0 ... 0 1 1]
 ...
 [1 0 1 ... 0 0 0]
 [2 0 0 ... 0 0 1]
 [1 1 1 ... 0 0 0]]"
C_2_M04_OC_L1_P+_161123_2.tif,26,1,"[[0 1 1 ... 0 0 0]
 [0 0 1 ... 1 0 0]
 [0 0 0 ... 0 0 0]
 ...
 [0 0 0 ... 0 0 0]
 [0 0 0 ... 0 0 1]
 [0 0 0 ... 0 0 0]]","[[0 0 0 ... 0 0 1]
 [0 1 0 ... 0 0 0]
 [0 0 2 ... 0 0 0]
 ...
 [0 0 0 ... 0 0 0]
 [0 0 0 ... 0 0 0]
 [0 0 0 ... 0 0 0]]","[[0.        0.        0.        ... 0.        0.        0.       ]
 [0.        0.        0.        ... 0.        0.        0.       ]
 [0.        2.9411764 0.        ... 0.        0.        0.       ]
 ...
 [0.        0.        0.        ... 0.        0.        0.       ]
 [0.        0.        0.        ... 0.        0.        0.       ]
 [0.        0.        0.        ... 0.        0.        0.       ]]","[[0 0 0 ... 0 0 0]
 [0 0 0 ... 0 0 0]
 [0 0 0 ... 0 0 0]
 ...
 [0 0 0 ... 0 0 0]
 [0 0 0 ... 0 0 0]
 [0 0 0 ... 0 0 0]]","[[0 0 0 ... 0 0 0]
 [0 0 0 ... 0 0 0]
 [0 0 0 ... 0 0 0]
 ...
 [0 0 0 ... 0 0 0]
 [0 0 0 ... 0 0 0]
 [0 0 0 ... 0 0 0]]","[[False False False ... False False False]
 [False False False ... False False False]
 [False False False ... False False False]
 ...
 [False False False ... False False False]
 [False False False ... False False False]
 [False False False ... False False False]]","[[0 0 0 ... 0 0 0]
 [0 0 0 ... 0 0 0]
 [0 1 0 ... 0 0 0]
 ...
 [0 0 0 ... 0 0 0]
 [0 0 0 ... 0 0 0]
 [0 0 0 ... 0 0 0]]"
D_3_M04_OC_L1_P+_221123_2.tif,18,1,"[[0 0 0 ... 0 0 0]
 [0 1 0 ... 0 0 0]
 [0 0 0 ... 0 0 0]
 ...
 [1 0 2 ... 0 0 0]
 [0 0 0 ... 0 0 0]
 [0 1 0 ... 0 0 0]]","[[0 0 0 ... 1 0 0]
 [1 0 0 ... 0 0 0]
 [0 0 0 ... 0 0 0]
 ...
 [0 0 2 ... 0 0 0]
 [3 0 0 ... 1 0 0]
 [0 0 0 ... 0 0 0]]","[[0.        3.4482758 0.        ... 0.        0.        1.7241379]
 [0.        0.        3.4482758 ... 0.        0.        6.8965516]
 [1.7241379 1.7241379 0.        ... 0.        0.        0.       ]
 ...
 [1.7241379 0.        0.        ... 0.        0.        1.7241379]
 [0.        0.        0.        ... 0.        1.7241379 0.       ]
 [0.        0.        0.        ... 0.        1.7241379 0.       ]]","[[0 0 0 ... 0 0 0]
 [0 0 0 ... 0 0 0]
 [0 0 0 ... 0 0 0]
 ...
 [0 0 0 ... 0 0 0]
 [0 0 0 ... 0 0 0]
 [0 0 0 ... 0 0 0]]","[[0 0 0 ... 0 0 0]
 [0 0 0 ... 0 0 0]
 [0 0 0 ... 0 0 0]
 ...
 [0 0 0 ... 0 0 0]
 [0 0 0 ... 0 0 0]
 [0 0 0 ... 0 0 0]]","[[False False False ... False False False]
 [False False False ... False False False]
 [False False False ... False False False]
 ...
 [False False False ... False False False]
 [False False False ... False False False]
 [False False False ... False False False]]","[[0 2 0 ... 0 0 1]
 [0 0 2 ... 0 0 4]
 [1 1 0 ... 0 0 0]
 ...
 [1 0 0 ... 0 0 1]
 [0 0 0 ... 0 1 0]
 [0 0 0 ... 0 1 0]]"
B_1_M04_OC_L23_P+_021123_2.tif,23,1,"[[1 1 0 ... 0 0 0]
 [0 1 1 ... 0 0 0]
 [0 0 1 ... 0 1 0]
 ...
 [0 0 1 ... 5 2 1]
 [0 0 0 ... 0 3 1]
 [0 0 0 ... 0 1 1]]","[[0 1 0 ... 1 0 0]
 [0 0 0 ... 0 0 1]
 [0 0 1 ... 0 0 0]
 ...
 [0 1 0 ... 1 0 0]
 [0 0 0 ... 1 0 0]
 [1 0 0 ... 0 1 1]]","[[0.       0.       0.       ... 0.       0.       5.263158]
 [0.       0.       0.       ... 0.       0.       0.      ]
 [0.       0.       0.       ... 0.       0.       0.      ]
 ...
 [0.       0.       0.       ... 0.       0.       2.631579]
 [0.       0.       2.631579 ... 2.631579 0.       2.631579]
 [0.       0.       0.       ... 0.       0.       0.      ]]","[[0 0 0 ... 0 0 0]
 [0 0 0 ... 0 0 0]
 [0 0 0 ... 0 0 0]
 ...
 [0 0 0 ... 0 0 0]
 [0 0 0 ... 0 0 0]
 [0 0 0 ... 0 0 0]]","[[0 0 0 ... 0 0 0]
 [0 0 0 ... 0 0 0]
 [0 0 0 ... 0 0 0]
 ...
 [0 0 0 ... 0 0 0]
 [0 0 0 ... 0 0 0]
 [0 0 0 ... 0 0 0]]","[[False False False ... False False False]
 [False False False ... False False False]
 [False False False ... False False False]
 ...
 [False False False ... False False False]
 [False False False ... False False False]
 [False False False ... False False False]]","[[0 0 0 ... 0 0 2]
 [0 0 0 ... 1 0 0]
 [0 0 0 ... 0 0 0]
 ...
 [0 0 0 ... 0 0 1]
 [0 0 1 ... 1 0 1]
 [1 0 0 ... 0 0 0]]"
B_2_M04_OC_L1_P+_031123_1.tif,37,1,"[[ 4  5  5 ...  0  0  9]
 [ 9 10  9 ...  2  6  8]
 [ 3  9  1 ...  0  1  3]
 ...
 [ 1  3  4 ...  2  1  0]
 [ 0  2  7 ...  0  2  1]
 [11  2  1 ...  0  3  1]]","[[ 3  1  5 ...  0  0  4]
 [ 4  4  2 ...  2  1  1]
 [ 6  2  1 ...  2  0  0]
 ...
 [ 9 12 12 ...  3  6  2]
 [ 5  4 16 ...  5  7  2]
 [ 4  6 13 ...  4  1  4]]","[[0.289507  1.737042  0.868521  ... 0.868521  0.        0.868521 ]
 [1.737042  0.        0.        ... 0.        0.289507  0.579014 ]
 [0.        0.        0.        ... 0.        2.0265489 2.605563 ]
 ...
 [0.289507  0.        2.0265489 ... 0.        2.316056  1.158028 ]
 [1.158028  0.        0.        ... 0.579014  0.289507  0.       ]
 [0.289507  0.        1.737042  ... 0.868521  0.        0.       ]]","[[0 0 0 ... 0 0 0]
 [0 0 0 ... 0 0 0]
 [0 0 0 ... 0 0 0]
 ...
 [0 0 0 ... 0 0 0]
 [0 0 0 ... 0 0 0]
 [0 0 0 ... 0 0 0]]","[[1 1 1 ... 1 1 1]
 [1 0 1 ... 1 1 1]
 [0 0 1 ... 1 1 1]
 ...
 [1 1 1 ... 1 1 1]
 [1 1 1 ... 1 1 1]
 [1 1 1 ... 1 1 0]]","[[False False False ... False False False]
 [False False False ... False False False]
 [False False False ... False False False]
 ...
 [False False False ... False False False]
 [False False False ... False False False]
 [False False False ... False False False]]","[[ 2  8  6 ...  4  2  4]
 [ 9  0  4 ...  1  6  4]
 [ 1  1  6 ...  0 11 10]
 ...
 [ 6  5  7 ...  4 10  7]
 [10  4  7 ...  8  5  4]
 [10  7 11 ...  5  5  1]]"
F_2_M04_OC_L23_P+_231123_1.tif,17,1,"[[1 1 0 ... 1 0 1]
 [0 0 0 ... 0 0 0]
 [0 1 0 ... 1 0 0]
 ...
 [0 1 0 ... 0 0 1]
 [0 0 0 ... 1 0 0]
 [0 0 0 ... 1 0 0]]","[[1 1 0 ... 0 0 0]
 [1 2 0 ... 0 0 0]
 [0 0 1 ... 0 0 0]
 ...
 [0 0 0 ... 0 0 0]
 [0 0 0 ... 0 0 0]
 [0 0 0 ... 0 0 0]]","[[3.7500002 1.25      2.5       ... 3.7500002 3.7500002 3.7500002]
 [1.25      1.25      3.7500002 ... 1.25      2.5       1.25     ]
 [1.25      1.25      2.5       ... 1.25      0.        1.25     ]
 ...
 [2.5       0.        1.25      ... 3.7500002 2.5       0.       ]
 [1.25      3.7500002 0.        ... 1.25      1.25      1.25     ]
 [0.        0.        2.5       ... 3.7500002 1.25      1.25     ]]","[[0 0 0 ... 0 0 0]
 [0 0 0 ... 0 0 0]
 [0 0 0 ... 0 0 0]
 ...
 [0 0 0 ... 0 0 0]
 [0 0 0 ... 0 0 0]
 [0 0 0 ... 0 0 0]]","[[1 0 0 ... 1 1 1]
 [0 0 1 ... 0 0 0]
 [0 0 0 ... 0 0 0]
 ...
 [0 0 0 ... 1 0 0]
 [0 1 0 ... 0 0 0]
 [0 0 0 ... 1 0 0]]","[[False False False ... False False False]
 [False False False ... False False False]
 [False False False ... False False False]
 ...
 [False False False ... False False False]
 [False False False ... False False False]
 [False False False ... False False False]]","[[3 1 2 ... 3 3 3]
 [1 1 3 ... 1 2 1]
 [1 1 2 ... 1 0 1]
 ...
 [2 0 1 ... 3 2 0]
 [1 3 0 ... 1 1 1]
 [0 0 2 ... 3 1 1]]"
B_4_M04_OC_L23_P+_131123_1.tif,15,1,"[[0 1 0 ... 0 0 0]
 [2 0 0 ... 0 0 0]
 [0 0 0 ... 0 0 0]
 ...
 [0 0 2 ... 0 0 0]
 [2 0 0 ... 0 0 0]
 [0 0 1 ... 0 0 0]]","[[0 0 0 ... 0 1 0]
 [1 0 0 ... 0 0 0]
 [0 0 0 ... 0 0 0]
 ...
 [0 0 0 ... 0 0 0]
 [0 0 0 ... 0 0 1]
 [0 0 0 ... 0 0 0]]","[[0.        0.        0.        ... 0.        0.        0.       ]
 [0.        0.        0.        ... 0.        0.        1.9472795]
 [0.        0.        0.        ... 0.9736397 0.        0.       ]
 ...
 [0.        0.9736397 0.        ... 0.        0.        0.       ]
 [0.        0.        1.9472795 ... 0.9736397 0.        0.       ]
 [0.        0.        0.        ... 0.        0.        0.       ]]","[[0 0 0 ... 0 0 0]
 [0 0 0 ... 0 0 0]
 [0 0 0 ... 0 0 0]
 ...
 [0 0 0 ... 0 0 0]
 [0 0 0 ... 0 0 0]
 [0 0 0 ... 0 0 0]]","[[0 0 0 ... 0 0 0]
 [0 0 0 ... 0 0 0]
 [0 0 0 ... 0 0 0]
 ...
 [0 0 0 ... 0 0 0]
 [0 0 0 ... 0 0 0]
 [0 0 0 ... 0 0 0]]","[[False False False ... False False False]
 [False False False ... False False False]
 [False False False ... False False False]
 ...
 [False False False ... False False False]
 [False False False ... False False False]
 [False False False ... False False False]]","[[0 0 0 ... 0 0 0]
 [0 0 0 ... 0 0 2]
 [0 0 0 ... 1 0 0]
 ...
 [0 1 0 ... 0 0 0]
 [0 0 2 ... 1 0 0]
 [0 0 0 ... 0 0 0]]"
B_1_M04_OC_L4_P+_021123_2.tif,29,1,"[[1 1 0 ... 1 1 0]
 [0 3 2 ... 1 0 1]
 [2 4 5 ... 1 2 1]
 ...
 [3 1 2 ... 1 5 1]
 [3 3 2 ... 5 6 1]
 [1 1 1 ... 5 4 5]]","[[1 5 3 ... 3 3 2]
 [3 1 5 ... 1 4 1]
 [0 1 2 ... 0 2 3]
 ...
 [3 2 2 ... 0 0 1]
 [0 1 1 ... 0 0 0]
 [0 1 0 ... 1 1 0]]","[[ 0.        2.173913  0.       ...  0.        6.521739  0.      ]
 [ 0.        0.        2.173913 ...  0.        0.        0.      ]
 [ 4.347826  4.347826  0.       ... 10.869565  4.347826  0.      ]
 ...
 [ 2.173913  4.347826  6.521739 ...  0.        0.        2.173913]
 [13.043478  0.        4.347826 ...  0.        0.        2.173913]
 [ 0.        2.173913  8.695652 ...  6.521739  6.521739  2.173913]]","[[0 0 0 ... 0 0 0]
 [0 0 0 ... 0 0 0]
 [0 0 0 ... 0 0 0]
 ...
 [0 0 0 ... 0 0 0]
 [0 0 0 ... 0 0 0]
 [0 0 0 ... 0 0 0]]","[[0 0 0 ... 0 0 0]
 [0 0 0 ... 0 0 0]
 [0 0 0 ... 1 0 0]
 ...
 [0 0 0 ... 0 0 0]
 [1 0 0 ... 0 0 0]
 [0 0 1 ... 0 1 0]]","[[False False False ... False False False]
 [False False False ... False False False]
 [False False False ... False False False]
 ...
 [False False False ... False False False]
 [False False False ... False False False]
 [False False False ... False False False]]","[[3 1 0 ... 2 4 1]
 [1 0 2 ... 0 2 0]
 [3 3 1 ... 5 2 1]
 ...
 [3 4 3 ... 1 0 2]
 [6 0 3 ... 1 3 4]
 [0 1 5 ... 3 6 2]]"
C_2_M04_OC_L1_P+_161123_1.tif,38,1,"[[2 5 0 ... 0 0 0]
 [0 3 0 ... 0 0 0]
 [3 2 5 ... 0 0 0]
 ...
 [2 2 5 ... 0 0 0]
 [0 1 3 ... 0 0 0]
 [4 2 6 ... 0 0 0]]","[[4 5 4 ... 0 0 0]
 [2 0 0 ... 0 0 0]
 [1 2 0 ... 0 0 0]
 ...
 [1 1 1 ... 1 0 0]
 [0 0 2 ... 0 1 1]
 [3 3 2 ... 1 0 3]]","[[0.       0.       0.       ... 0.       0.       0.      ]
 [2.173913 0.       2.173913 ... 0.       0.       0.      ]
 [2.173913 0.       0.       ... 0.       0.       0.      ]
 ...
 [2.173913 0.       0.       ... 0.       0.       0.      ]
 [0.       6.521739 4.347826 ... 0.       0.       0.      ]
 [0.       8.695652 2.173913 ... 0.       0.       2.173913]]","[[0 0 0 ... 0 0 0]
 [0 0 0 ... 0 0 0]
 [0 0 0 ... 0 0 0]
 ...
 [0 0 0 ... 0 0 0]
 [0 0 0 ... 0 0 0]
 [0 0 0 ... 0 0 0]]","[[0 0 0 ... 0 0 0]
 [0 0 0 ... 0 0 0]
 [0 0 0 ... 0 0 0]
 ...
 [0 0 0 ... 0 0 0]
 [0 1 1 ... 0 0 0]
 [0 1 0 ... 0 0 0]]","[[False False False ... False False False]
 [False False False ... False False False]
 [False False False ... False False False]
 ...
 [False False False ... False False False]
 [False False False ... False False False]
 [False False False ... False False False]]","[[0 0 1 ... 0 0 0]
 [1 0 2 ... 0 0 0]
 [1 0 0 ... 0 0 0]
 ...
 [1 0 1 ... 0 0 0]
 [1 4 3 ... 0 0 0]
 [1 4 1 ... 0 0 1]]"
D_3_M04_OC_L1_P+_221123_1.tif,27,1,"[[0 2 0 ... 1 0 0]
 [0 0 1 ... 0 0 1]
 [3 0 0 ... 0 1 0]
 ...
 [2 0 1 ... 0 0 0]
 [2 1 0 ... 0 0 0]
 [1 1 0 ... 0 1 0]]","[[0 0 0 ... 0 0 0]
 [0 0 0 ... 0 0 0]
 [0 0 0 ... 0 0 0]
 ...
 [0 0 0 ... 0 0 0]
 [0 0 0 ... 0 0 0]
 [0 0 0 ... 0 0 0]]","[[0.        0.        0.        ... 0.        0.        0.       ]
 [0.        0.        0.        ... 4.5454545 4.5454545 2.2727273]
 [6.818182  0.        0.        ... 2.2727273 2.2727273 0.       ]
 ...
 [2.2727273 4.5454545 0.        ... 0.        0.        6.818182 ]
 [6.818182  0.        2.2727273 ... 0.        0.        0.       ]
 [0.        0.        0.        ... 0.        0.        2.2727273]]","[[0 0 0 ... 0 0 0]
 [0 0 0 ... 0 0 0]
 [0 0 0 ... 0 0 0]
 ...
 [0 0 0 ... 0 0 0]
 [0 0 0 ... 0 0 0]
 [0 0 0 ... 0 0 0]]","[[0 0 0 ... 0 0 0]
 [0 0 0 ... 0 0 0]
 [0 0 0 ... 0 0 0]
 ...
 [0 0 0 ... 0 0 0]
 [0 0 0 ... 0 0 0]
 [0 0 0 ... 0 0 0]]","[[False False False ... False False False]
 [False False False ... False False False]
 [False False False ... False False False]
 ...
 [False False False ... False False False]
 [False False False ... False False False]
 [False False False ... False False False]]","[[0 0 0 ... 0 0 0]
 [0 0 0 ... 2 2 1]
 [3 0 0 ... 1 1 0]
 ...
 [1 2 0 ... 0 0 3]
 [3 0 1 ... 0 0 0]
 [0 0 0 ... 0 0 1]]"
B_1_M04_OC_L23_P+_021123_1.tif,24,1,"[[6 5 1 ... 3 1 4]
 [3 0 0 ... 2 3 3]
 [1 1 2 ... 4 5 4]
 ...
 [2 0 1 ... 3 2 0]
 [3 3 3 ... 3 3 2]
 [0 2 3 ... 6 2 1]]","[[4 4 4 ... 4 2 3]
 [5 4 3 ... 3 1 1]
 [4 1 6 ... 1 2 1]
 ...
 [1 2 1 ... 2 1 2]
 [3 2 1 ... 1 2 0]
 [1 3 0 ... 3 1 1]]","[[ 0.   0.   0.  ...  0.   2.5  0. ]
 [ 0.   0.   2.5 ...  5.   0.  10. ]
 [ 0.   5.   0.  ...  2.5  0.   0. ]
 ...
 [ 5.   0.   0.  ...  0.   0.   0. ]
 [ 0.   0.   0.  ...  5.   0.   0. ]
 [ 5.   0.   2.5 ...  0.   0.   0. ]]","[[0 0 0 ... 0 0 0]
 [0 0 0 ... 0 0 0]
 [0 0 0 ... 0 0 0]
 ...
 [0 0 0 ... 0 0 0]
 [0 0 0 ... 0 0 0]
 [0 0 0 ... 0 0 0]]","[[0 0 0 ... 0 0 0]
 [0 0 0 ... 0 0 1]
 [0 0 0 ... 0 0 0]
 ...
 [0 0 0 ... 0 0 0]
 [0 0 0 ... 0 0 0]
 [0 0 0 ... 0 0 0]]","[[False False False ... False False False]
 [False False False ... False False False]
 [False False False ... False False False]
 ...
 [False False False ... False False False]
 [False False False ... False False False]
 [False False False ... False False False]]","[[1 0 0 ... 1 1 1]
 [1 0 2 ... 3 1 6]
 [0 3 1 ... 3 3 0]
 ...
 [3 1 1 ... 1 0 2]
 [0 0 1 ... 3 0 2]
 [2 1 1 ... 0 0 0]]"
B_2_M04_OC_L1_P+_031123_2.tif,16,1,"[[0 0 0 ... 0 0 1]
 [0 0 0 ... 0 0 1]
 [0 0 0 ... 0 0 0]
 ...
 [2 0 2 ... 2 0 0]
 [0 1 0 ... 0 0 0]
 [0 0 1 ... 0 0 0]]","[[0 1 0 ... 0 0 0]
 [0 0 0 ... 0 0 0]
 [0 0 1 ... 0 0 0]
 ...
 [0 0 1 ... 0 0 0]
 [0 0 0 ... 0 0 0]
 [0 0 0 ... 0 0 0]]","[[0.  0.  0.  ... 0.  0.  0. ]
 [0.  0.  0.  ... 2.5 0.  0. ]
 [0.  0.  0.  ... 2.5 0.  0. ]
 ...
 [5.  0.  0.  ... 0.  0.  0. ]
 [0.  0.  0.  ... 0.  0.  0. ]
 [0.  0.  0.  ... 0.  0.  0. ]]","[[0 0 0 ... 0 0 0]
 [0 0 0 ... 0 0 0]
 [0 0 0 ... 0 0 0]
 ...
 [0 0 0 ... 0 0 0]
 [0 0 0 ... 0 0 0]
 [0 0 0 ... 0 0 0]]","[[0 0 0 ... 0 0 0]
 [0 0 0 ... 0 0 0]
 [0 0 0 ... 0 0 0]
 ...
 [0 0 0 ... 0 0 0]
 [0 0 0 ... 0 0 0]
 [0 0 0 ... 0 0 0]]","[[False False False ... False False False]
 [False False False ... False False False]
 [False False False ... False False False]
 ...
 [False False False ... False False False]
 [False False False ... False False False]
 [False False False ... False False False]]","[[0 2 0 ... 0 0 0]
 [0 1 0 ... 1 0 0]
 [0 0 0 ... 1 0 0]
 ...
 [3 0 0 ... 0 0 0]
 [0 0 0 ... 0 0 0]
 [0 0 0 ... 0 0 0]]"
A_4_M04_OC_P+_L1_311023_1.tif,18,1,"[[0 0 1 ... 0 0 0]
 [0 0 0 ... 0 0 0]
 [0 2 0 ... 0 0 0]
 ...
 [0 0 3 ... 0 0 0]
 [2 0 2 ... 0 0 0]
 [1 1 0 ... 0 1 0]]","[[0 2 2 ... 0 0 0]
 [1 1 1 ... 0 1 0]
 [0 0 0 ... 0 0 0]
 ...
 [0 0 0 ... 2 1 2]
 [0 0 0 ... 1 0 0]
 [1 0 0 ... 1 1 1]]","[[1.1627907 0.        0.        ... 0.        0.        0.       ]
 [1.1627907 0.        1.1627907 ... 0.        0.        0.       ]
 [0.        0.        0.        ... 0.        0.        1.1627907]
 ...
 [1.1627907 0.        0.        ... 0.        0.        0.       ]
 [2.3255813 1.1627907 0.        ... 0.        0.        0.       ]
 [0.        0.        0.        ... 0.        0.        0.       ]]","[[0 0 0 ... 0 0 0]
 [0 0 0 ... 0 0 0]
 [0 0 0 ... 0 0 0]
 ...
 [0 0 0 ... 0 0 0]
 [0 0 0 ... 0 0 0]
 [0 0 0 ... 0 0 0]]","[[0 0 0 ... 0 0 0]
 [0 0 0 ... 0 0 0]
 [0 0 0 ... 0 0 0]
 ...
 [0 0 0 ... 0 0 0]
 [0 0 0 ... 0 0 0]
 [0 0 0 ... 0 0 0]]","[[False False False ... False False False]
 [False False False ... False False False]
 [False False False ... False False False]
 ...
 [False False False ... False False False]
 [False False False ... False False False]
 [False False False ... False False False]]","[[1 1 0 ... 0 0 0]
 [1 1 1 ... 0 0 0]
 [0 0 0 ... 0 0 1]
 ...
 [1 0 0 ... 0 0 0]
 [2 1 0 ... 0 0 0]
 [0 1 0 ... 0 0 0]]"
B_1_M04_OC_L4_P+_021123_3.tif,22,1,"[[2 5 3 ... 0 1 1]
 [1 2 1 ... 5 3 1]
 [1 3 3 ... 3 3 1]
 ...
 [1 1 0 ... 1 4 1]
 [2 0 2 ... 0 1 2]
 [0 0 0 ... 1 1 3]]","[[1 1 0 ... 1 2 1]
 [0 4 1 ... 0 1 1]
 [4 1 1 ... 0 2 2]
 ...
 [0 2 2 ... 2 4 3]
 [3 3 1 ... 0 0 3]
 [0 1 1 ... 1 1 3]]","[[ 1.7634382  0.         0.        ...  3.5268764  1.7634382  0.       ]
 [ 3.5268764  0.         0.        ...  1.7634382  5.2903147  0.       ]
 [ 1.7634382  1.7634382  7.053753  ...  5.2903147  8.817191   1.7634382]
 ...
 [ 0.         1.7634382  0.        ...  3.5268764  1.7634382  8.817191 ]
 [ 0.         0.         0.        ...  1.7634382  0.         3.5268764]
 [ 3.5268764  0.         0.        ...  0.         7.053753  10.580629 ]]","[[0 0 0 ... 0 0 0]
 [0 0 0 ... 0 0 0]
 [0 0 0 ... 0 0 0]
 ...
 [0 0 0 ... 0 0 0]
 [0 0 0 ... 0 0 0]
 [0 0 0 ... 0 0 0]]","[[0 0 0 ... 0 0 0]
 [0 0 0 ... 0 0 0]
 [0 0 1 ... 0 1 0]
 ...
 [0 0 0 ... 1 0 1]
 [0 0 0 ... 0 0 0]
 [0 0 0 ... 0 1 1]]","[[False False False ... False False False]
 [False False False ... False False False]
 [False False False ... False False False]
 ...
 [False False False ... False False False]
 [False False False ... False False False]
 [False False False ... False False False]]","[[1 2 1 ... 2 2 0]
 [3 2 2 ... 2 3 1]
 [3 1 5 ... 3 6 2]
 ...
 [3 3 2 ... 4 2 6]
 [0 1 3 ... 2 0 3]
 [3 2 2 ... 2 5 6]]"
B_4_M04_OC_CA1_P+_151123_1.tif,20,1,"[[1 0 0 ... 1 0 0]
 [0 0 0 ... 0 0 0]
 [1 0 0 ... 0 0 0]
 ...
 [1 0 0 ... 3 0 0]
 [0 0 0 ... 0 0 0]
 [0 0 0 ... 0 0 0]]","[[0 0 0 ... 0 0 0]
 [1 0 0 ... 0 0 0]
 [1 0 0 ... 0 0 0]
 ...
 [0 0 0 ... 0 0 0]
 [0 0 0 ... 0 0 0]
 [0 2 0 ... 0 1 0]]","[[0.        0.        0.        ... 0.        0.        0.       ]
 [0.        0.        0.        ... 2.9108946 0.        0.       ]
 [0.        0.        0.        ... 0.        0.        0.       ]
 ...
 [0.        0.        0.        ... 1.4554473 0.        0.       ]
 [0.        0.        0.        ... 0.        0.        0.       ]
 [0.        0.        0.        ... 0.        0.        0.       ]]","[[0 0 0 ... 0 0 0]
 [0 0 0 ... 0 0 0]
 [0 0 0 ... 0 0 0]
 ...
 [0 0 0 ... 0 0 0]
 [0 0 0 ... 0 0 0]
 [0 0 0 ... 0 0 0]]","[[0 0 0 ... 0 0 0]
 [0 0 0 ... 0 0 0]
 [0 0 0 ... 0 0 0]
 ...
 [0 0 0 ... 0 0 0]
 [0 0 0 ... 0 0 0]
 [0 0 0 ... 0 0 0]]","[[False False False ... False False False]
 [False False False ... False False False]
 [False False False ... False False False]
 ...
 [False False False ... False False False]
 [False False False ... False False False]
 [False False False ... False False False]]","[[0 0 0 ... 0 0 0]
 [0 0 0 ... 2 0 0]
 [0 0 0 ... 0 1 0]
 ...
 [0 0 0 ... 1 0 0]
 [0 0 0 ... 0 0 0]
 [0 0 0 ... 0 0 0]]"
B_2_M04_OC_L23_P+_031123_2.tif,17,1,"[[ 3  1  1 ...  6 11  7]
 [ 2  2  3 ...  7  7  6]
 [ 4  3  3 ...  6  9  7]
 ...
 [ 0  1  1 ...  1  3  3]
 [ 2  6  7 ...  1  4  3]
 [ 0  3  5 ...  0  3  4]]","[[ 1  3  1 ...  2  5  3]
 [ 2  1  3 ...  6  3  4]
 [ 3  1  2 ...  3  1  7]
 ...
 [ 2  6  0 ...  6  1  3]
 [ 3  0  1 ...  7  9  7]
 [ 1  0  1 ...  8 13  3]]","[[0.9090909 0.9090909 0.        ... 0.        0.        1.8181818]
 [1.8181818 0.9090909 0.9090909 ... 0.9090909 0.        0.       ]
 [0.        0.9090909 2.7272727 ... 0.        0.        0.9090909]
 ...
 [4.5454545 0.        0.        ... 0.        0.        0.       ]
 [0.        0.        0.        ... 0.        0.        0.       ]
 [0.        0.9090909 1.8181818 ... 0.        0.        0.       ]]","[[0 0 0 ... 0 0 0]
 [0 0 0 ... 0 0 0]
 [0 0 0 ... 0 0 0]
 ...
 [0 0 0 ... 0 0 0]
 [0 0 0 ... 0 0 0]
 [0 0 0 ... 0 0 0]]","[[1 1 0 ... 0 1 1]
 [1 0 0 ... 1 0 0]
 [0 1 1 ... 0 0 1]
 ...
 [1 0 0 ... 1 0 1]
 [0 0 0 ... 1 0 0]
 [0 0 1 ... 1 1 0]]","[[False False False ... False False False]
 [False False False ... False False False]
 [False False False ... False False False]
 ...
 [False False False ... False False False]
 [False False False ... False False False]
 [False False False ... False False False]]","[[3 3 0 ... 1 2 3]
 [3 1 1 ... 3 1 1]
 [0 3 4 ... 1 1 2]
 ...
 [6 0 1 ... 2 1 2]
 [1 0 1 ... 2 1 1]
 [0 1 2 ... 2 2 0]]"
C_2_M04_OC_DGM_P+_161123_1.tif,29,1,"[[0 1 0 ... 0 0 1]
 [2 0 1 ... 0 0 0]
 [1 0 1 ... 0 0 0]
 ...
 [3 0 0 ... 0 1 7]
 [0 0 2 ... 0 0 1]
 [1 0 2 ... 0 2 1]]","[[0 1 2 ... 0 0 0]
 [0 0 1 ... 0 0 0]
 [1 0 0 ... 1 0 1]
 ...
 [2 0 1 ... 0 0 0]
 [0 0 0 ... 0 0 1]
 [0 0 1 ... 0 0 1]]","[[1.6949153  3.3898306  0.84745765 ... 0.         0.84745765 1.6949153 ]
 [4.2372885  4.2372885  1.6949153  ... 0.         0.         0.        ]
 [0.         2.5423727  1.6949153  ... 0.         0.         0.        ]
 ...
 [0.         0.         0.         ... 0.         0.         0.        ]
 [0.         0.         0.84745765 ... 0.         0.         2.5423727 ]
 [1.6949153  0.         0.84745765 ... 0.         0.         0.        ]]","[[0 0 0 ... 0 0 0]
 [0 0 0 ... 0 0 0]
 [0 0 0 ... 0 0 0]
 ...
 [0 0 0 ... 0 0 0]
 [0 0 0 ... 0 0 0]
 [0 0 0 ... 0 0 0]]","[[0 0 0 ... 0 0 0]
 [0 0 0 ... 0 0 0]
 [0 0 0 ... 0 0 0]
 ...
 [0 0 0 ... 0 0 0]
 [0 0 0 ... 0 0 0]
 [0 0 0 ... 0 0 0]]","[[False False False ... False False False]
 [False False False ... False False False]
 [False False False ... False False False]
 ...
 [False False False ... False False False]
 [False False False ... False False False]
 [False False False ... False False False]]","[[2 4 2 ... 0 1 2]
 [6 5 2 ... 0 0 0]
 [1 4 2 ... 0 0 0]
 ...
 [0 0 0 ... 0 0 0]
 [0 0 1 ... 0 0 4]
 [2 0 1 ... 0 0 0]]"
D_3_M04_OC_L4_P+_221123_1.tif,30,1,"[[ 3  5  4 ...  7  5  6]
 [ 2  5  2 ...  7 10  5]
 [ 4  1  9 ...  3  9  7]
 ...
 [ 6 11  8 ... 12  6  7]
 [10  4 10 ...  4  4  8]
 [10  7  6 ...  4  5  6]]","[[10  4  3 ...  6  9 12]
 [ 8  8  8 ...  3  8 11]
 [10  7 10 ...  3  7  8]
 ...
 [ 8  9  7 ...  0  0  0]
 [ 5  3 11 ...  0  1  0]
 [ 4  5  5 ...  0  0  0]]","[[0.        3.5268764 7.935472  ... 0.        0.        0.       ]
 [0.        0.        0.        ... 2.6451573 0.        2.6451573]
 [2.6451573 0.8817191 2.6451573 ... 0.        2.6451573 0.       ]
 ...
 [0.8817191 5.2903147 0.        ... 2.6451573 0.        0.       ]
 [0.        2.6451573 3.5268764 ... 0.        1.7634382 6.172034 ]
 [0.8817191 5.2903147 3.5268764 ... 4.4085956 0.8817191 2.6451573]]","[[0 0 0 ... 0 0 0]
 [0 0 0 ... 0 0 0]
 [0 0 0 ... 0 0 0]
 ...
 [0 0 0 ... 0 0 0]
 [0 0 0 ... 0 0 0]
 [0 0 0 ... 0 0 0]]","[[1 1 1 ... 1 1 0]
 [1 1 1 ... 1 1 1]
 [1 1 1 ... 1 1 0]
 ...
 [1 1 1 ... 1 1 1]
 [1 1 1 ... 1 1 1]
 [1 1 1 ... 1 1 1]]","[[False False False ... False False False]
 [False False False ... False False False]
 [False False False ... False False False]
 ...
 [False False False ... False False False]
 [False False False ... False False False]
 [False False False ... False False False]]","[[ 7 14 16 ...  5  5  2]
 [ 9  9  7 ...  8  6  6]
 [ 8 10 13 ...  3  8  4]
 ...
 [ 7 11  5 ...  5  4  5]
 [ 5  4  4 ...  2  7 11]
 [ 7  7  7 ...  7  5  5]]"
C_2_M04_OC_L4_P+_161123_1.tif,21,1,"[[0 0 0 ... 1 2 1]
 [0 0 0 ... 0 0 3]
 [0 1 0 ... 0 0 3]
 ...
 [0 0 1 ... 0 0 0]
 [0 0 0 ... 0 0 0]
 [0 0 0 ... 1 0 1]]","[[0 1 0 ... 0 0 0]
 [0 0 0 ... 0 2 1]
 [0 0 0 ... 0 1 1]
 ...
 [0 1 1 ... 0 1 0]
 [0 0 0 ... 0 0 2]
 [0 0 0 ... 1 0 0]]","[[0.        0.        0.        ... 0.        2.631579  5.263158 ]
 [0.        0.        2.631579  ... 0.        0.        2.631579 ]
 [0.        0.        0.        ... 0.        0.        0.       ]
 ...
 [0.        7.8947363 0.        ... 0.        7.8947363 0.       ]
 [5.263158  5.263158  7.8947363 ... 2.631579  5.263158  2.631579 ]
 [0.        0.        0.        ... 0.        0.        2.631579 ]]","[[0 0 0 ... 0 0 0]
 [0 0 0 ... 0 0 0]
 [0 0 0 ... 0 0 0]
 ...
 [0 0 0 ... 0 0 0]
 [0 0 0 ... 0 0 0]
 [0 0 0 ... 0 0 0]]","[[0 0 0 ... 0 0 1]
 [0 0 0 ... 0 0 0]
 [0 0 0 ... 0 0 0]
 ...
 [0 1 0 ... 0 1 0]
 [0 0 1 ... 0 0 0]
 [0 0 0 ... 0 0 0]]","[[False False False ... False False False]
 [False False False ... False False False]
 [False False False ... False False False]
 ...
 [False False False ... False False False]
 [False False False ... False False False]
 [False False False ... False False False]]","[[1 0 0 ... 0 1 6]
 [0 0 1 ... 0 0 1]
 [0 0 1 ... 0 1 0]
 ...
 [1 3 0 ... 2 3 0]
 [2 2 3 ... 1 2 1]
 [1 0 0 ... 0 1 1]]"
D_4_M04_OC_CA1_P+_221123_1.tif,22,1,"[[0 1 1 ... 0 0 1]
 [1 1 1 ... 0 0 0]
 [0 0 0 ... 0 0 0]
 ...
 [0 2 1 ... 1 2 1]
 [3 1 0 ... 3 3 2]
 [0 1 3 ... 3 2 2]]","[[2 0 2 ... 0 0 1]
 [2 1 1 ... 1 0 0]
 [2 0 1 ... 0 0 1]
 ...
 [1 0 0 ... 1 5 2]
 [1 2 2 ... 1 1 1]
 [0 0 0 ... 1 1 1]]","[[ 0.       11.538462  0.       ...  0.        0.        0.      ]
 [ 0.        7.692308  3.846154 ...  0.        0.        0.      ]
 [ 0.        0.        0.       ...  0.        3.846154  3.846154]
 ...
 [ 7.692308  0.        0.       ...  0.        3.846154  0.      ]
 [ 0.        7.692308  0.       ...  3.846154  0.        7.692308]
 [ 0.        3.846154  0.       ...  7.692308  0.        3.846154]]","[[0 0 0 ... 0 0 0]
 [0 0 0 ... 0 0 0]
 [0 0 0 ... 0 0 0]
 ...
 [0 0 0 ... 0 0 0]
 [0 0 0 ... 0 0 0]
 [0 0 0 ... 0 0 0]]","[[0 0 0 ... 0 0 0]
 [0 0 0 ... 0 0 0]
 [0 0 0 ... 0 0 0]
 ...
 [0 0 0 ... 0 0 0]
 [0 0 0 ... 0 0 0]
 [0 0 0 ... 0 0 0]]","[[False False False ... False False False]
 [False False False ... False False False]
 [False False False ... False False False]
 ...
 [False False False ... False False False]
 [False False False ... False False False]
 [False False False ... False False False]]","[[0 3 2 ... 1 0 1]
 [0 2 1 ... 1 2 0]
 [0 0 0 ... 1 1 2]
 ...
 [3 1 0 ... 1 1 1]
 [0 3 0 ... 1 0 2]
 [2 3 0 ... 2 1 1]]"
B_2_M04_OC_L23_P+_031123_1.tif,37,1,"[[0 0 5 ... 8 5 4]
 [3 3 1 ... 6 6 3]
 [3 0 2 ... 4 7 2]
 ...
 [4 1 4 ... 6 0 4]
 [0 4 4 ... 6 3 6]
 [3 3 5 ... 8 4 5]]","[[ 3  2  0 ...  4  6  4]
 [ 1  1  0 ...  3  7  1]
 [ 0  0  2 ...  5  2  3]
 ...
 [ 0  0  0 ...  2  9  4]
 [ 0  2  0 ...  9 13 10]
 [ 1  2  2 ...  8 10  3]]","[[0.        2.1628263 0.        ... 2.1628263 1.4418842 0.       ]
 [0.7209421 0.7209421 0.        ... 0.        0.        0.       ]
 [2.1628263 0.        0.        ... 0.        0.        3.6047106]
 ...
 [0.        0.        2.1628263 ... 0.        3.6047106 0.       ]
 [0.        0.        0.        ... 1.4418842 0.        0.7209421]
 [0.        1.4418842 0.        ... 0.7209421 3.6047106 0.7209421]]","[[0 0 0 ... 0 0 0]
 [0 0 0 ... 0 0 0]
 [0 0 0 ... 0 0 0]
 ...
 [0 0 0 ... 0 0 0]
 [0 0 0 ... 0 0 0]
 [0 0 0 ... 0 0 0]]","[[0 0 0 ... 0 0 0]
 [0 0 0 ... 0 0 0]
 [0 0 0 ... 0 0 0]
 ...
 [0 0 0 ... 0 1 0]
 [0 0 0 ... 0 0 0]
 [0 0 0 ... 1 1 0]]","[[False False False ... False False False]
 [False False False ... False False False]
 [False False False ... False False False]
 ...
 [False False False ... False False False]
 [False False False ... False False False]
 [False False False ... False False False]]","[[ 2  3  3 ...  5  2  1]
 [ 4  3  0 ...  1  2  4]
 [ 3  0  2 ...  1  3  5]
 ...
 [ 1  3  6 ...  2  8  4]
 [ 3  5  0 ...  3  5  5]
 [ 4  6  4 ... 13 12  6]]"
F_2_M04_OC_L4_P+_231123_1.tif,16,1,"[[3 3 0 ... 0 0 0]
 [2 3 2 ... 1 0 0]
 [0 1 4 ... 2 2 1]
 ...
 [1 1 0 ... 2 3 2]
 [0 3 2 ... 1 3 3]
 [0 2 0 ... 3 0 0]]","[[ 1  2 10 ...  1  3  1]
 [ 1  2  2 ...  0  1  2]
 [ 0  1  0 ...  1  0  1]
 ...
 [ 1  0  1 ...  2  0  0]
 [ 0  0  0 ...  2  0  0]
 [ 1  0  0 ...  0  0  0]]","[[0.       0.       0.       ... 0.       6.521739 2.173913]
 [0.       0.       4.347826 ... 2.173913 0.       8.695652]
 [0.       0.       0.       ... 0.       2.173913 2.173913]
 ...
 [0.       2.173913 0.       ... 0.       0.       6.521739]
 [0.       2.173913 0.       ... 0.       0.       0.      ]
 [0.       0.       0.       ... 0.       2.173913 0.      ]]","[[0 0 0 ... 0 0 0]
 [0 0 0 ... 0 0 0]
 [0 0 0 ... 0 0 0]
 ...
 [0 0 0 ... 0 0 0]
 [0 0 0 ... 0 0 0]
 [0 0 0 ... 0 0 0]]","[[0 0 0 ... 0 1 1]
 [0 0 1 ... 0 0 1]
 [0 0 0 ... 0 0 0]
 ...
 [0 0 0 ... 0 0 1]
 [0 0 0 ... 0 0 0]
 [0 0 0 ... 0 0 0]]","[[False False False ... False False False]
 [False False False ... False False False]
 [False False False ... False False False]
 ...
 [False False False ... False False False]
 [False False False ... False False False]
 [False False False ... False False False]]","[[0 0 2 ... 0 4 4]
 [0 1 4 ... 1 0 4]
 [0 0 0 ... 0 1 1]
 ...
 [0 1 0 ... 0 1 3]
 [0 2 1 ... 0 0 0]
 [0 2 1 ... 0 1 0]]"
B_1_M04_OC_L1_P+_021123_1.tif,22,1,"[[2 3 3 ... 0 1 0]
 [4 3 2 ... 0 0 0]
 [3 0 3 ... 0 0 0]
 ...
 [0 0 0 ... 0 1 0]
 [0 2 0 ... 0 0 0]
 [0 0 2 ... 0 0 0]]","[[5 5 2 ... 0 0 0]
 [5 4 1 ... 0 0 0]
 [6 4 4 ... 0 0 0]
 ...
 [0 3 0 ... 1 0 0]
 [0 1 0 ... 1 0 0]
 [1 0 2 ... 0 0 0]]","[[5.882353  0.        0.        ... 0.        2.9411764 5.882353 ]
 [0.        0.        0.        ... 0.        0.        0.       ]
 [2.9411764 0.        0.        ... 0.        0.        0.       ]
 ...
 [0.        0.        0.        ... 0.        0.        0.       ]
 [0.        0.        0.        ... 0.        0.        0.       ]
 [2.9411764 0.        0.        ... 0.        0.        0.       ]]","[[0 0 0 ... 0 0 0]
 [0 0 0 ... 0 0 0]
 [0 0 0 ... 0 0 0]
 ...
 [0 0 0 ... 0 0 0]
 [0 0 0 ... 0 0 0]
 [0 0 0 ... 0 0 0]]","[[0 0 0 ... 0 0 0]
 [0 0 0 ... 0 0 0]
 [0 0 0 ... 0 0 0]
 ...
 [0 0 0 ... 0 0 0]
 [0 0 0 ... 0 0 0]
 [0 0 0 ... 0 0 0]]","[[False False False ... False False False]
 [False False False ... False False False]
 [False False False ... False False False]
 ...
 [False False False ... False False False]
 [False False False ... False False False]
 [False False False ... False False False]]","[[2 1 0 ... 0 1 2]
 [0 0 0 ... 0 0 0]
 [1 0 0 ... 0 0 0]
 ...
 [0 1 0 ... 0 2 0]
 [0 0 0 ... 0 2 0]
 [1 0 1 ... 2 0 1]]"
D_3_M04_OC_L23_P+_221123_1.tif,27,1,"[[0 2 0 ... 0 1 0]
 [1 0 1 ... 0 0 0]
 [1 0 0 ... 0 0 0]
 ...
 [0 0 2 ... 0 0 0]
 [0 2 0 ... 0 0 0]
 [0 0 0 ... 0 1 0]]","[[0 0 0 ... 0 0 0]
 [0 0 0 ... 0 0 0]
 [0 0 0 ... 0 0 0]
 ...
 [1 0 0 ... 0 0 1]
 [0 0 0 ... 0 0 1]
 [1 0 1 ... 0 0 0]]","[[0.        0.        0.        ... 0.        0.        0.       ]
 [0.        0.        1.7857144 ... 1.7857144 0.        0.       ]
 [0.        0.        0.        ... 0.        0.        0.       ]
 ...
 [1.7857144 0.        1.7857144 ... 0.        0.        0.       ]
 [0.        0.        1.7857144 ... 0.        0.        0.       ]
 [0.        0.        0.        ... 0.        0.        0.       ]]","[[0 0 0 ... 0 0 0]
 [0 0 0 ... 0 0 0]
 [0 0 0 ... 0 0 0]
 ...
 [0 0 0 ... 0 0 0]
 [0 0 0 ... 0 0 0]
 [0 0 0 ... 0 0 0]]","[[0 0 0 ... 0 0 0]
 [0 0 0 ... 0 0 0]
 [0 0 0 ... 0 0 0]
 ...
 [0 0 0 ... 0 0 0]
 [0 0 0 ... 0 0 0]
 [0 0 0 ... 0 0 0]]","[[False False False ... False False False]
 [False False False ... False False False]
 [False False False ... False False False]
 ...
 [False False False ... False False False]
 [False False False ... False False False]
 [False False False ... False False False]]","[[0 0 0 ... 0 0 0]
 [0 0 1 ... 1 0 0]
 [0 0 0 ... 0 0 0]
 ...
 [1 0 1 ... 0 0 0]
 [0 0 2 ... 0 0 0]
 [0 0 0 ... 0 2 1]]"
F_3_M04_OC_L1_P+_231123_1.tif,35,1,"[[1 1 0 ... 0 0 0]
 [5 4 2 ... 0 0 0]
 [9 1 2 ... 0 0 0]
 ...
 [0 1 3 ... 0 0 0]
 [1 4 1 ... 2 0 0]
 [0 1 1 ... 0 0 0]]","[[1 3 0 ... 0 0 0]
 [0 0 0 ... 0 0 0]
 [0 0 0 ... 0 0 0]
 ...
 [0 2 0 ... 0 0 0]
 [0 0 0 ... 0 0 0]
 [0 1 1 ... 0 0 0]]","[[6.8965516 0.        0.        ... 0.        0.        0.       ]
 [0.        0.        0.        ... 0.        0.        0.       ]
 [0.        0.        0.        ... 0.        0.        0.       ]
 ...
 [0.        0.        0.        ... 0.        0.        0.       ]
 [0.        0.        0.        ... 0.        0.        0.       ]
 [0.        0.        0.        ... 0.        0.        0.       ]]","[[0 0 0 ... 0 0 0]
 [0 0 0 ... 0 0 0]
 [0 0 0 ... 0 0 0]
 ...
 [0 0 0 ... 0 0 0]
 [0 0 0 ... 0 0 0]
 [0 0 0 ... 0 0 0]]","[[0 0 0 ... 0 0 0]
 [0 0 0 ... 0 0 0]
 [0 0 0 ... 0 0 0]
 ...
 [0 0 0 ... 0 0 0]
 [0 0 0 ... 0 0 0]
 [0 0 0 ... 0 0 0]]","[[False False False ... False False False]
 [False False False ... False False False]
 [False False False ... False False False]
 ...
 [False False False ... False False False]
 [False False False ... False False False]
 [False False False ... False False False]]","[[4 4 0 ... 0 0 0]
 [3 3 1 ... 0 0 0]
 [0 0 2 ... 0 0 0]
 ...
 [3 1 0 ... 0 0 0]
 [0 2 0 ... 0 0 0]
 [2 0 0 ... 0 0 0]]"
A_4_M04_OC_P+_DGG_011123_1.tif,15,1,"[[5 1 1 ... 1 8 4]
 [2 1 0 ... 6 5 4]
 [0 0 3 ... 5 7 3]
 ...
 [3 1 1 ... 4 1 1]
 [5 4 1 ... 4 2 2]
 [0 1 0 ... 1 0 5]]","[[ 4  5  1 ...  2  1  2]
 [ 2 13 13 ...  2  0  5]
 [ 2  2  4 ...  8  6  8]
 ...
 [ 4  2  1 ...  8  2  2]
 [ 2  0  2 ...  4  2  7]
 [ 1  1  3 ...  1  3  6]]","[[0.        7.1428576 0.        ... 3.5714288 1.1904762 2.3809524]
 [0.        0.        0.        ... 2.3809524 1.1904762 0.       ]
 [1.1904762 0.        0.        ... 2.3809524 0.        0.       ]
 ...
 [0.        3.5714288 1.1904762 ... 0.        3.5714288 1.1904762]
 [2.3809524 0.        0.        ... 0.        0.        0.       ]
 [0.        0.        0.        ... 0.        4.7619047 0.       ]]","[[0 0 0 ... 0 0 0]
 [0 0 0 ... 0 0 0]
 [0 0 0 ... 0 0 0]
 ...
 [0 0 0 ... 0 0 0]
 [0 0 0 ... 0 0 0]
 [0 0 0 ... 0 0 0]]","[[0 1 0 ... 1 1 1]
 [0 0 0 ... 1 1 0]
 [0 0 0 ... 1 0 0]
 ...
 [0 1 0 ... 0 1 0]
 [0 0 0 ... 0 0 0]
 [0 0 0 ... 1 1 0]]","[[False False False ... False False False]
 [False False False ... False False False]
 [False False False ... False False False]
 ...
 [False False False ... False False False]
 [False False False ... False False False]
 [False False False ... False False False]]","[[0 6 1 ... 6 4 5]
 [2 0 2 ... 5 7 1]
 [2 0 0 ... 6 2 1]
 ...
 [3 4 1 ... 2 5 1]
 [3 2 3 ... 0 3 1]
 [1 0 2 ... 4 5 0]]"
C_2_M04_OC_L4_P+_161123_2.tif,32,1,"[[0 6 2 ... 7 0 0]
 [4 9 5 ... 3 1 3]
 [3 3 3 ... 3 3 3]
 ...
 [7 4 0 ... 3 4 2]
 [3 1 0 ... 2 5 2]
 [0 2 0 ... 5 5 1]]","[[2 1 1 ... 1 1 2]
 [3 1 3 ... 4 4 6]
 [1 2 2 ... 1 1 3]
 ...
 [3 0 3 ... 6 1 2]
 [1 3 1 ... 0 2 1]
 [0 3 4 ... 2 3 1]]","[[ 0.         3.846154   3.846154  ...  8.9743595  0.         0.       ]
 [ 2.5641026  1.2820513  0.        ...  0.        11.538462   3.846154 ]
 [ 0.         0.         2.5641026 ...  1.2820513  3.846154   0.       ]
 ...
 [ 0.         0.         1.2820513 ...  0.         0.         0.       ]
 [ 0.         7.692308   0.        ...  3.846154   0.         1.2820513]
 [ 6.410257   6.410257   0.        ...  0.         0.         6.410257 ]]","[[0 0 0 ... 0 0 0]
 [0 0 0 ... 0 0 0]
 [0 0 0 ... 0 0 0]
 ...
 [0 0 0 ... 0 0 0]
 [0 0 0 ... 0 0 0]
 [0 0 0 ... 0 0 0]]","[[0 1 0 ... 1 0 0]
 [1 0 0 ... 0 1 1]
 [0 0 0 ... 0 0 0]
 ...
 [0 0 0 ... 0 0 0]
 [0 1 0 ... 0 0 0]
 [1 0 0 ... 0 0 0]]","[[False False False ... False False False]
 [False False False ... False False False]
 [False False False ... False False False]
 ...
 [False False False ... False False False]
 [False False False ... False False False]
 [False False False ... False False False]]","[[ 1  7  5 ... 10  5  4]
 [ 6  4  1 ...  0  9  6]
 [ 3  0  2 ...  1  5  1]
 ...
 [ 0  1  3 ...  1  0  2]
 [ 0  6  0 ...  4  2  2]
 [ 6  5  1 ...  0  2  5]]"
B_2_M04_OC_CA1_P+_031123_1.tif,25,1,"[[ 9  9  4 ...  1  1  3]
 [ 5  6 11 ...  6  3  6]
 [ 8  3  4 ...  2  1  3]
 ...
 [ 0  0  0 ...  0  0  0]
 [ 1  1  1 ...  0  3  0]
 [ 0  0  1 ...  3  3  0]]","[[ 0  4  5 ...  6  1  2]
 [ 1  1  1 ...  5  2  5]
 [ 7  3  1 ...  2  4 11]
 ...
 [ 3  4  8 ...  6  9  6]
 [ 2  5  5 ...  5  6  8]
 [ 5  2  7 ...  7  7  4]]","[[4.464286  3.5714288 7.1428576 ... 0.8928572 1.7857144 1.7857144]
 [0.8928572 2.6785715 0.        ... 1.7857144 0.        1.7857144]
 [0.8928572 0.        0.        ... 1.7857144 0.        2.6785715]
 ...
 [0.        0.        0.        ... 0.        0.        0.       ]
 [0.        0.        0.        ... 0.        0.        0.       ]
 [0.        0.        0.        ... 0.        0.        0.       ]]","[[0 0 0 ... 0 0 0]
 [0 0 0 ... 0 0 0]
 [0 0 0 ... 0 0 0]
 ...
 [0 0 0 ... 0 0 0]
 [0 0 0 ... 0 0 0]
 [0 0 0 ... 0 0 0]]","[[0 1 1 ... 0 0 0]
 [0 0 0 ... 1 0 0]
 [0 0 0 ... 1 0 0]
 ...
 [0 0 0 ... 0 0 0]
 [0 0 0 ... 0 0 0]
 [0 0 0 ... 0 0 0]]","[[False False False ... False False False]
 [False False False ... False False False]
 [False False False ... False False False]
 ...
 [False False False ... False False False]
 [False False False ... False False False]
 [False False False ... False False False]]","[[ 5  7 10 ...  3  4  2]
 [ 3  4  2 ...  7  2  4]
 [ 1  3  4 ...  8  5  6]
 ...
 [ 3  0  0 ...  0  0  1]
 [ 0  0  0 ...  0  1  0]
 [ 0  0  0 ...  0  0  0]]"
D_4_M04_OC_L23_P+_221123_1.tif,13,1,"[[0 2 1 ... 2 1 1]
 [1 0 0 ... 1 1 2]
 [1 4 2 ... 1 2 5]
 ...
 [2 1 5 ... 0 2 5]
 [1 2 4 ... 3 1 1]
 [1 1 1 ... 2 2 1]]","[[1 1 3 ... 1 1 1]
 [3 0 2 ... 1 4 2]
 [2 0 1 ... 1 2 1]
 ...
 [1 2 1 ... 0 0 1]
 [1 0 0 ... 1 0 2]
 [1 2 1 ... 1 0 1]]","[[ 0.         0.         0.        ...  0.         2.631579   2.631579 ]
 [ 0.         0.         0.        ...  0.         5.263158   5.263158 ]
 [ 0.         0.         0.        ...  5.263158   0.         0.       ]
 ...
 [ 2.631579  10.526316   0.        ...  0.         0.         5.263158 ]
 [ 7.8947363  7.8947363  0.        ...  0.         0.         0.       ]
 [ 0.         0.         0.        ...  0.         0.         0.       ]]","[[0 0 0 ... 0 0 0]
 [0 0 0 ... 0 0 0]
 [0 0 0 ... 0 0 0]
 ...
 [0 0 0 ... 0 0 0]
 [0 0 0 ... 0 0 0]
 [0 0 0 ... 0 0 0]]","[[0 0 0 ... 0 0 0]
 [0 0 0 ... 0 0 0]
 [0 0 0 ... 0 0 0]
 ...
 [0 0 0 ... 0 0 0]
 [0 0 0 ... 0 0 0]
 [0 0 0 ... 0 0 0]]","[[False False False ... False False False]
 [False False False ... False False False]
 [False False False ... False False False]
 ...
 [False False False ... False False False]
 [False False False ... False False False]
 [False False False ... False False False]]","[[0 0 1 ... 1 1 1]
 [0 1 1 ... 1 2 3]
 [0 0 1 ... 2 0 0]
 ...
 [2 5 2 ... 1 1 2]
 [4 5 0 ... 1 1 0]
 [1 1 1 ... 0 1 1]]"
D_3_M04_OC_CA1_P+_221123_1.tif,18,1,"[[0 0 0 ... 0 0 0]
 [0 0 0 ... 0 0 0]
 [0 0 0 ... 0 0 0]
 ...
 [0 0 0 ... 0 0 0]
 [0 0 0 ... 0 0 0]
 [0 0 0 ... 0 0 0]]","[[0 0 0 ... 0 0 0]
 [0 0 0 ... 0 0 0]
 [0 0 0 ... 0 0 0]
 ...
 [0 0 0 ... 0 0 0]
 [0 0 0 ... 1 0 0]
 [0 0 0 ... 0 0 0]]","[[0. 0. 0. ... 0. 0. 0.]
 [0. 0. 0. ... 0. 0. 0.]
 [0. 0. 0. ... 0. 0. 0.]
 ...
 [0. 0. 0. ... 0. 0. 0.]
 [0. 0. 0. ... 0. 0. 0.]
 [0. 0. 0. ... 0. 0. 0.]]","[[0 0 0 ... 0 0 0]
 [0 0 0 ... 0 0 0]
 [0 0 0 ... 0 0 0]
 ...
 [0 0 0 ... 0 0 0]
 [0 0 0 ... 0 0 0]
 [0 0 0 ... 0 0 0]]","[[0 0 0 ... 0 0 0]
 [0 0 0 ... 0 0 0]
 [0 0 0 ... 0 0 0]
 ...
 [0 0 0 ... 0 0 0]
 [0 0 0 ... 0 0 0]
 [0 0 0 ... 0 0 0]]","[[False False False ... False False False]
 [False False False ... False False False]
 [False False False ... False False False]
 ...
 [False False False ... False False False]
 [False False False ... False False False]
 [False False False ... False False False]]","[[0 0 0 ... 0 0 0]
 [0 0 0 ... 0 0 0]
 [0 0 0 ... 0 0 0]
 ...
 [0 0 0 ... 0 0 0]
 [0 0 0 ... 0 0 0]
 [0 0 0 ... 0 0 0]]"
D_4_M04_OC_L4_P+_221123_1.tif,15,1,"[[3 3 2 ... 1 3 2]
 [4 2 1 ... 1 2 1]
 [3 2 1 ... 2 1 1]
 ...
 [1 1 1 ... 0 0 1]
 [1 2 1 ... 1 1 3]
 [1 1 0 ... 3 3 2]]","[[1 1 3 ... 3 3 1]
 [2 1 3 ... 2 3 2]
 [1 2 3 ... 1 3 1]
 ...
 [1 1 1 ... 2 2 0]
 [1 0 1 ... 3 2 0]
 [2 0 1 ... 4 0 1]]","[[ 2.3809524  2.3809524  4.7619047 ... 11.904762   0.         4.7619047]
 [ 0.         0.         0.        ...  0.         0.         2.3809524]
 [ 2.3809524  9.523809   0.        ...  0.         4.7619047  7.1428576]
 ...
 [28.57143   21.428572   0.        ...  2.3809524  9.523809   9.523809 ]
 [42.857143  47.61905    7.1428576 ...  0.         0.         0.       ]
 [11.904762  14.285715   0.        ...  0.         0.         0.       ]]","[[0 0 0 ... 0 0 0]
 [0 0 0 ... 0 0 0]
 [0 0 0 ... 0 0 0]
 ...
 [0 0 0 ... 0 0 0]
 [0 0 0 ... 0 0 0]
 [0 0 0 ... 0 0 0]]","[[0 0 0 ... 1 0 0]
 [0 0 0 ... 0 0 0]
 [0 0 0 ... 0 0 0]
 ...
 [1 1 0 ... 0 1 1]
 [1 1 1 ... 0 0 0]
 [1 1 0 ... 0 0 0]]","[[False False False ... False False False]
 [False False False ... False False False]
 [False False False ... False False False]
 ...
 [False False False ... False False False]
 [False False False ... False False False]
 [False False False ... False False False]]","[[ 1  1  3 ...  5  2  4]
 [ 2  1  1 ...  1  1  3]
 [ 2  4  1 ...  2  4  3]
 ...
 [14 14  2 ...  3  5  5]
 [21 21  6 ...  1  2  2]
 [ 8  6  2 ...  2  0  2]]"
B_2_M04_OC_CA1_P+_031123_2.tif,49,1,"[[0 0 0 ... 0 0 0]
 [0 0 0 ... 0 0 0]
 [0 0 0 ... 0 0 0]
 ...
 [0 0 0 ... 0 0 2]
 [0 0 0 ... 0 0 0]
 [0 0 0 ... 2 0 0]]","[[0 0 0 ... 0 0 0]
 [0 0 1 ... 0 0 0]
 [3 0 1 ... 0 1 0]
 ...
 [0 0 0 ... 0 0 0]
 [3 0 0 ... 3 0 0]
 [0 0 0 ... 1 0 1]]","[[ 5.555556  0.        0.       ...  0.        2.777778  5.555556]
 [ 0.        0.        0.       ...  0.       11.111112  2.777778]
 [ 0.        0.        0.       ...  0.        0.        0.      ]
 ...
 [ 0.        0.        0.       ...  0.        0.        2.777778]
 [ 0.        2.777778  0.       ...  2.777778  0.        0.      ]
 [ 2.777778  2.777778  0.       ...  2.777778  0.        0.      ]]","[[0 0 0 ... 0 0 0]
 [0 0 0 ... 0 0 0]
 [0 0 0 ... 0 0 0]
 ...
 [0 0 0 ... 0 0 0]
 [0 0 0 ... 0 0 0]
 [0 0 0 ... 0 0 0]]","[[0 0 0 ... 0 0 0]
 [0 0 0 ... 0 0 0]
 [0 0 0 ... 0 0 0]
 ...
 [0 0 0 ... 0 0 0]
 [0 0 0 ... 0 0 0]
 [0 0 0 ... 0 0 0]]","[[False False False ... False False False]
 [False False False ... False False False]
 [False False False ... False False False]
 ...
 [False False False ... False False False]
 [False False False ... False False False]
 [False False False ... False False False]]","[[2 0 0 ... 0 1 4]
 [0 0 0 ... 0 4 1]
 [0 0 0 ... 0 0 0]
 ...
 [0 0 0 ... 0 0 1]
 [0 1 0 ... 1 0 0]
 [1 1 0 ... 1 0 0]]"
F_1_M04_OC_L23_P+_231123_1.tif,17,1,"[[0 0 0 ... 0 0 0]
 [0 1 0 ... 0 0 0]
 [0 0 0 ... 0 1 0]
 ...
 [1 0 0 ... 0 1 1]
 [1 2 0 ... 0 0 0]
 [1 2 1 ... 1 1 2]]","[[0 1 1 ... 1 0 0]
 [0 1 3 ... 1 1 0]
 [0 1 1 ... 0 0 2]
 ...
 [0 1 2 ... 0 2 4]
 [1 0 0 ... 1 0 1]
 [1 0 0 ... 0 0 0]]","[[0.       0.       0.       ... 0.       0.       0.      ]
 [0.       0.       0.       ... 0.       0.       0.      ]
 [0.       0.       3.846154 ... 3.846154 0.       0.      ]
 ...
 [0.       0.       7.692308 ... 0.       0.       0.      ]
 [3.846154 0.       0.       ... 0.       0.       0.      ]
 [0.       3.846154 3.846154 ... 0.       7.692308 0.      ]]","[[0 0 0 ... 0 0 0]
 [0 0 0 ... 0 0 0]
 [0 0 0 ... 0 0 0]
 ...
 [0 0 0 ... 0 0 0]
 [0 0 0 ... 0 0 0]
 [0 0 0 ... 0 0 0]]","[[0 0 0 ... 0 0 0]
 [0 0 0 ... 0 0 0]
 [0 0 0 ... 0 0 0]
 ...
 [0 0 0 ... 0 0 0]
 [0 0 0 ... 0 0 0]
 [0 0 0 ... 0 1 0]]","[[False False False ... False False False]
 [False False False ... False False False]
 [False False False ... False False False]
 ...
 [False False False ... False False False]
 [False False False ... False False False]
 [False False False ... False False False]]","[[1 0 0 ... 0 0 0]
 [0 1 1 ... 0 1 0]
 [1 1 1 ... 1 0 0]
 ...
 [0 0 2 ... 1 0 1]
 [1 0 0 ... 0 1 0]
 [0 1 1 ... 0 4 0]]"
B_3_M04_OC_L4_P+_131123_1.tif,17,1,"[[1 1 1 ... 0 0 2]
 [1 1 2 ... 1 4 0]
 [0 1 2 ... 1 2 0]
 ...
 [2 4 0 ... 3 0 0]
 [3 2 0 ... 2 0 0]
 [1 0 0 ... 2 1 1]]","[[6 4 2 ... 2 0 1]
 [4 3 1 ... 1 1 1]
 [2 0 3 ... 2 2 0]
 ...
 [3 1 1 ... 3 0 1]
 [0 0 5 ... 1 0 0]
 [1 2 0 ... 0 0 2]]","[[0.        1.8279063 1.8279063 ... 3.6558125 0.        0.       ]
 [0.        0.        3.6558125 ... 0.        1.8279063 0.       ]
 [0.        0.        5.4837184 ... 1.8279063 3.6558125 0.       ]
 ...
 [3.6558125 1.8279063 7.311625  ... 0.        0.        0.       ]
 [0.        5.4837184 0.        ... 3.6558125 3.6558125 1.8279063]
 [0.        0.        0.        ... 0.        0.        0.       ]]","[[0 0 0 ... 0 0 0]
 [0 0 0 ... 0 0 0]
 [0 0 0 ... 0 0 0]
 ...
 [0 0 0 ... 0 0 0]
 [0 0 0 ... 0 0 0]
 [0 0 0 ... 0 0 0]]","[[0 1 1 ... 1 0 0]
 [1 1 1 ... 1 1 0]
 [1 1 1 ... 1 1 1]
 ...
 [1 1 1 ... 1 1 0]
 [0 1 0 ... 1 1 0]
 [0 0 0 ... 0 0 0]]","[[False False False ... False False False]
 [False False False ... False False False]
 [False False False ... False False False]
 ...
 [False False False ... False False False]
 [False False False ... False False False]
 [False False False ... False False False]]","[[1 3 2 ... 3 1 0]
 [3 2 4 ... 1 2 0]
 [2 0 4 ... 3 4 2]
 ...
 [4 2 5 ... 2 3 0]
 [1 4 1 ... 4 2 1]
 [0 1 0 ... 1 1 1]]"
B_1_M04_OC_DGM_P+_021123_1.tif,32,1,"[[0 0 0 ... 0 0 0]
 [0 0 0 ... 0 0 0]
 [0 0 0 ... 0 0 0]
 ...
 [0 0 1 ... 0 0 0]
 [0 0 0 ... 0 0 0]
 [0 1 0 ... 0 0 0]]","[[0 0 0 ... 0 0 0]
 [0 3 1 ... 0 0 1]
 [0 0 0 ... 0 0 0]
 ...
 [0 0 0 ... 1 0 0]
 [0 0 1 ... 0 0 0]
 [0 0 0 ... 0 0 0]]","[[0.        0.        0.        ... 0.        0.        0.       ]
 [0.        0.        0.        ... 0.        0.        3.3333335]
 [0.        0.        0.        ... 0.        0.        0.       ]
 ...
 [0.        0.        3.3333335 ... 0.        0.        3.3333335]
 [0.        0.        0.        ... 0.        0.        0.       ]
 [0.        0.        0.        ... 0.        0.        0.       ]]","[[0 0 0 ... 0 0 0]
 [0 0 0 ... 0 0 0]
 [0 0 0 ... 0 0 0]
 ...
 [0 0 0 ... 0 0 0]
 [0 0 0 ... 0 0 0]
 [0 0 0 ... 0 0 0]]","[[0 0 0 ... 0 0 0]
 [0 0 0 ... 0 0 0]
 [0 0 0 ... 0 0 0]
 ...
 [0 0 0 ... 0 0 0]
 [0 0 0 ... 0 0 0]
 [0 0 0 ... 0 0 0]]","[[False False False ... False False False]
 [False False False ... False False False]
 [False False False ... False False False]
 ...
 [False False False ... False False False]
 [False False False ... False False False]
 [False False False ... False False False]]","[[0 0 0 ... 0 0 0]
 [0 0 0 ... 0 0 1]
 [0 0 0 ... 0 0 0]
 ...
 [0 0 1 ... 0 0 1]
 [0 0 0 ... 0 0 0]
 [0 0 0 ... 0 0 0]]"
D_3_M04_OC_DGG_P+_221123_1.tif,24,1,"[[0 0 0 ... 0 0 0]
 [0 0 0 ... 1 0 0]
 [0 0 0 ... 0 0 0]
 ...
 [0 1 0 ... 0 0 1]
 [0 0 0 ... 0 0 0]
 [0 1 0 ... 0 0 0]]","[[0 1 0 ... 0 0 1]
 [1 0 0 ... 0 0 0]
 [0 0 0 ... 0 0 0]
 ...
 [0 0 0 ... 0 0 0]
 [0 0 0 ... 0 0 0]
 [0 0 0 ... 0 0 0]]","[[0.        0.        0.        ... 0.        0.        0.       ]
 [0.        0.        0.        ... 0.        0.        1.2390437]
 [2.4780874 0.        0.        ... 0.        0.        0.       ]
 ...
 [0.        0.        0.        ... 0.        0.        0.       ]
 [0.        0.        1.2390437 ... 0.        0.        0.       ]
 [0.        0.        2.4780874 ... 0.        1.2390437 0.       ]]","[[0 0 0 ... 0 0 0]
 [0 0 0 ... 0 0 0]
 [0 0 0 ... 0 0 0]
 ...
 [0 0 0 ... 0 0 0]
 [0 0 0 ... 0 0 0]
 [0 0 0 ... 0 0 0]]","[[0 0 0 ... 0 0 0]
 [0 0 0 ... 0 0 0]
 [0 0 0 ... 0 0 0]
 ...
 [0 0 0 ... 0 0 0]
 [0 0 0 ... 0 0 0]
 [0 0 0 ... 0 0 0]]","[[False False False ... False False False]
 [False False False ... False False False]
 [False False False ... False False False]
 ...
 [False False False ... False False False]
 [False False False ... False False False]
 [False False False ... False False False]]","[[0 0 0 ... 0 0 0]
 [0 0 0 ... 0 0 1]
 [2 0 0 ... 0 0 0]
 ...
 [0 0 0 ... 0 0 0]
 [0 0 1 ... 0 0 0]
 [0 0 2 ... 0 1 0]]"
B_2_M04_OC_DGG_P+_031123_1.tif,23,1,"[[ 3  4  4 ...  1  3 10]
 [ 0  0  7 ...  9  0  9]
 [ 9  8  3 ...  8  2 14]
 ...
 [ 2  1  3 ...  0  2  2]
 [ 3  3 10 ...  1  0  7]
 [ 2  7  3 ...  1  2  3]]","[[4 4 3 ... 3 0 2]
 [2 3 4 ... 8 4 0]
 [5 7 3 ... 9 8 3]
 ...
 [3 5 9 ... 7 8 6]
 [3 5 3 ... 2 4 4]
 [5 4 0 ... 3 5 8]]","[[0.        0.        0.7106947 ... 0.        1.4213893 0.7106947]
 [0.7106947 0.        0.        ... 0.7106947 0.7106947 0.7106947]
 [0.        0.        6.3962517 ... 0.        0.        0.       ]
 ...
 [2.1320841 0.        0.        ... 0.        0.        0.       ]
 [0.        2.1320841 0.        ... 2.1320841 0.        2.1320841]
 [0.        0.        0.7106947 ... 2.8427787 3.5534735 0.       ]]","[[0 0 0 ... 0 0 0]
 [0 0 0 ... 0 0 0]
 [0 0 0 ... 0 0 0]
 ...
 [0 0 0 ... 0 0 0]
 [0 0 0 ... 0 0 0]
 [0 0 0 ... 0 0 0]]","[[0 0 0 ... 0 0 1]
 [1 0 0 ... 0 0 0]
 [0 0 1 ... 0 0 0]
 ...
 [0 0 0 ... 0 0 0]
 [0 1 0 ... 0 0 1]
 [0 0 1 ... 0 1 0]]","[[False False False ... False False False]
 [False False False ... False False False]
 [False False False ... False False False]
 ...
 [False False False ... False False False]
 [False False False ... False False False]
 [False False False ... False False False]]","[[ 3  4  2 ...  1  3  6]
 [ 5  1  2 ...  2  4  3]
 [ 4  3 10 ...  0  1  1]
 ...
 [ 4  1  4 ...  1  0  0]
 [ 2  7  2 ...  3  0  5]
 [ 2  2  6 ...  4  8  3]]"
F_1_M04_OC_L23_P+_231123_2.tif,16,1,"[[0 0 0 ... 0 0 0]
 [0 1 0 ... 0 0 0]
 [1 0 0 ... 0 1 0]
 ...
 [0 0 1 ... 0 0 0]
 [0 0 0 ... 0 0 0]
 [0 0 2 ... 0 0 0]]","[[0 2 1 ... 0 0 2]
 [1 0 1 ... 0 1 0]
 [1 2 3 ... 0 0 0]
 ...
 [0 0 0 ... 0 0 0]
 [0 1 1 ... 0 0 0]
 [0 0 0 ... 0 0 0]]","[[ 0.         0.         0.        ...  0.         3.3333335  0.       ]
 [ 3.3333335  0.         0.        ...  0.         0.         0.       ]
 [ 0.         0.         0.        ...  3.3333335  0.         0.       ]
 ...
 [ 3.3333335  0.         3.3333335 ...  0.         0.         0.       ]
 [ 3.3333335  3.3333335  6.666667  ...  0.         0.         0.       ]
 [ 0.         3.3333335 10.        ...  0.         0.         0.       ]]","[[0 0 0 ... 0 0 0]
 [0 0 0 ... 0 0 0]
 [0 0 0 ... 0 0 0]
 ...
 [0 0 0 ... 0 0 0]
 [0 0 0 ... 0 0 0]
 [0 0 0 ... 0 0 0]]","[[0 0 0 ... 0 1 0]
 [1 0 0 ... 0 1 0]
 [0 0 0 ... 1 0 0]
 ...
 [1 1 1 ... 0 0 0]
 [1 1 1 ... 0 0 0]
 [0 1 1 ... 0 0 0]]","[[False False False ... False False False]
 [False False False ... False False False]
 [False False False ... False False False]
 ...
 [False False False ... False False False]
 [False False False ... False False False]
 [False False False ... False False False]]","[[0 0 0 ... 0 1 0]
 [1 0 0 ... 0 1 0]
 [0 0 0 ... 1 0 0]
 ...
 [1 0 1 ... 0 0 0]
 [2 2 2 ... 0 0 0]
 [0 2 3 ... 0 0 0]]"
F_2_M04_OC_DGM_P+_231123_1.tif,16,1,"[[0 1 0 ... 0 1 1]
 [0 0 0 ... 2 0 0]
 [0 0 0 ... 0 0 1]
 ...
 [1 3 0 ... 2 0 3]
 [3 1 1 ... 0 1 0]
 [0 3 0 ... 3 3 2]]","[[0 1 6 ... 2 0 0]
 [2 1 1 ... 3 0 0]
 [2 1 2 ... 1 0 0]
 ...
 [4 6 0 ... 0 0 0]
 [1 2 3 ... 0 0 1]
 [1 0 0 ... 0 1 0]]","[[0.        0.        0.        ... 2.9108946 5.8217893 1.4554473]
 [0.        0.        0.        ... 1.4554473 5.8217893 2.9108946]
 [0.        0.        0.        ... 2.9108946 0.        2.9108946]
 ...
 [0.        0.        0.        ... 2.9108946 1.4554473 1.4554473]
 [1.4554473 0.        0.        ... 2.9108946 0.        4.366342 ]
 [1.4554473 0.        1.4554473 ... 0.        0.        1.4554473]]","[[0 0 0 ... 0 0 0]
 [0 0 0 ... 0 0 0]
 [0 0 0 ... 0 0 0]
 ...
 [0 0 0 ... 0 0 0]
 [0 0 0 ... 0 0 0]
 [0 0 0 ... 0 0 0]]","[[0 0 0 ... 0 1 0]
 [0 1 0 ... 1 1 0]
 [0 1 0 ... 1 0 0]
 ...
 [0 0 0 ... 1 0 0]
 [0 0 0 ... 0 0 1]
 [0 0 0 ... 0 0 0]]","[[False False False ... False False False]
 [False False False ... False False False]
 [False False False ... False False False]
 ...
 [False False False ... False False False]
 [False False False ... False False False]
 [False False False ... False False False]]","[[0 1 1 ... 2 5 1]
 [1 3 1 ... 4 7 2]
 [2 3 0 ... 3 1 2]
 ...
 [0 0 0 ... 3 1 1]
 [1 1 0 ... 2 1 3]
 [1 1 1 ... 0 0 1]]"
B_4_M04_OC_DGM_P+_131123_1.tif,29,1,"[[ 7  7  4 ...  4  9 14]
 [ 5  4  0 ...  5  9  8]
 [ 4  4  8 ...  2  4  4]
 ...
 [ 4  3  4 ...  2  6  8]
 [ 1  2  3 ...  8  6  6]
 [ 6  5 14 ...  3  5  5]]","[[3 6 2 ... 3 3 7]
 [4 0 4 ... 4 2 4]
 [6 4 4 ... 3 3 4]
 ...
 [4 5 2 ... 4 2 4]
 [5 3 6 ... 5 9 2]
 [2 4 5 ... 8 6 4]]","[[0.         0.         0.         ... 0.         1.1273017  0.        ]
 [0.56365085 1.6909525  0.         ... 0.         0.         0.        ]
 [0.56365085 1.1273017  0.         ... 0.         0.         0.        ]
 ...
 [0.         0.         0.         ... 0.         0.         0.        ]
 [0.         0.         0.         ... 0.         0.         1.1273017 ]
 [0.         0.         0.         ... 0.         0.         2.8182542 ]]","[[0 0 0 ... 0 0 0]
 [0 0 0 ... 0 0 0]
 [0 0 0 ... 0 0 0]
 ...
 [0 0 0 ... 0 0 0]
 [0 0 0 ... 0 0 0]
 [0 0 0 ... 0 0 0]]","[[0 1 1 ... 0 1 1]
 [1 1 1 ... 0 0 0]
 [1 1 1 ... 0 1 0]
 ...
 [1 0 0 ... 0 0 0]
 [1 0 0 ... 0 0 1]
 [0 0 0 ... 0 1 1]]","[[False False False ... False False False]
 [False False False ... False False False]
 [False False False ... False False False]
 ...
 [False False False ... False False False]
 [False False False ... False False False]
 [False False False ... False False False]]","[[ 1  5  4 ...  3  8  6]
 [ 4  8  3 ...  3  3  3]
 [ 4  7  7 ...  0 10  2]
 ...
 [ 8  1  2 ...  3  2  2]
 [ 4  3  3 ...  3  2  6]
 [ 3  1  1 ...  3  5  7]]"
F_1_M04_OC_L1_P+_231123_1.tif,27,1,"[[0 0 0 ... 0 0 0]
 [0 0 0 ... 0 0 0]
 [0 0 0 ... 0 0 1]
 ...
 [0 0 0 ... 0 2 0]
 [1 0 0 ... 0 0 1]
 [0 0 0 ... 0 1 0]]","[[0 0 0 ... 0 0 0]
 [0 0 1 ... 0 0 1]
 [0 0 1 ... 0 1 0]
 ...
 [1 1 0 ... 0 1 2]
 [1 0 1 ... 1 0 1]
 [1 1 1 ... 0 1 0]]","[[0.        0.        0.        ... 0.        0.        0.       ]
 [0.        0.        0.        ... 0.        0.        0.       ]
 [0.        0.        0.5135912 ... 0.        0.        0.       ]
 ...
 [0.        0.        0.        ... 0.        0.5135912 0.       ]
 [0.        0.        0.        ... 0.        0.        0.       ]
 [0.        0.        0.5135912 ... 0.5135912 0.        0.       ]]","[[0 0 0 ... 0 0 0]
 [0 0 0 ... 0 0 0]
 [0 0 0 ... 0 0 0]
 ...
 [0 0 0 ... 0 0 0]
 [0 0 0 ... 0 0 0]
 [0 0 0 ... 0 0 0]]","[[0 0 0 ... 0 0 0]
 [0 0 0 ... 0 0 0]
 [0 0 0 ... 0 0 0]
 ...
 [0 0 0 ... 0 0 0]
 [0 0 0 ... 0 0 0]
 [0 0 0 ... 0 0 0]]","[[False False False ... False False False]
 [False False False ... False False False]
 [False False False ... False False False]
 ...
 [False False False ... False False False]
 [False False False ... False False False]
 [False False False ... False False False]]","[[0 0 0 ... 0 0 0]
 [0 0 0 ... 0 0 0]
 [0 0 1 ... 0 0 0]
 ...
 [0 0 1 ... 0 1 0]
 [0 0 0 ... 0 1 0]
 [0 0 1 ... 1 0 0]]"
B_3_M04_OC_DGM_P+_131123_1.tif,41,1,"[[0 0 0 ... 0 0 0]
 [0 0 0 ... 0 0 0]
 [0 0 0 ... 0 0 0]
 ...
 [0 0 0 ... 0 0 0]
 [0 0 0 ... 0 0 0]
 [0 0 0 ... 0 0 0]]","[[0 0 0 ... 0 0 0]
 [0 0 0 ... 0 0 0]
 [0 0 0 ... 0 0 0]
 ...
 [0 0 0 ... 0 0 0]
 [0 0 0 ... 0 0 0]
 [0 0 0 ... 0 0 0]]","[[0.       0.       0.       ... 0.       0.       0.      ]
 [0.       0.       3.057412 ... 0.       0.       0.      ]
 [0.       0.       0.       ... 0.       0.       0.      ]
 ...
 [0.       3.057412 0.       ... 0.       0.       3.057412]
 [0.       0.       0.       ... 0.       0.       0.      ]
 [0.       0.       0.       ... 3.057412 0.       0.      ]]","[[0 0 0 ... 0 0 0]
 [0 0 0 ... 0 0 0]
 [0 0 0 ... 0 0 0]
 ...
 [0 0 0 ... 0 0 0]
 [0 0 0 ... 0 0 0]
 [0 0 0 ... 0 0 0]]","[[0 0 0 ... 0 0 0]
 [0 0 0 ... 0 0 0]
 [0 0 0 ... 0 0 0]
 ...
 [0 0 0 ... 0 0 0]
 [0 0 0 ... 0 0 0]
 [0 0 0 ... 0 0 0]]","[[False False False ... False False False]
 [False False False ... False False False]
 [False False False ... False False False]
 ...
 [False False False ... False False False]
 [False False False ... False False False]
 [False False False ... False False False]]","[[0 0 0 ... 0 0 0]
 [0 0 1 ... 0 0 0]
 [0 0 0 ... 0 0 0]
 ...
 [0 1 0 ... 0 0 1]
 [0 0 0 ... 0 1 0]
 [0 0 0 ... 1 0 0]]"
A_4_M04_OC_P+_DGM_011123_1.tif,27,1,"[[ 2  0  0 ...  2  4  5]
 [ 1  2  1 ...  8  4 13]
 [ 0  5  0 ... 11  3  2]
 ...
 [ 5  7  3 ...  3  4  9]
 [ 3  3  0 ...  2  1  4]
 [ 2  2  7 ...  7  1  4]]","[[ 6  2  5 ...  8  5  5]
 [ 0  3  4 ...  1  4  6]
 [ 1  4  2 ... 10  4  2]
 ...
 [ 3  5  2 ... 10 10 17]
 [ 6  5  1 ...  9  8 12]
 [ 5  6  3 ...  4  6  8]]","[[0.69757533 3.4878764  0.         ... 2.092726   1.046363   0.        ]
 [4.5342393  1.046363   0.         ... 0.         0.         0.        ]
 [2.7903013  0.69757533 0.         ... 0.34878767 0.         0.        ]
 ...
 [0.         0.         0.         ... 0.         0.34878767 0.        ]
 [0.         0.         0.         ... 0.         0.         0.        ]
 [0.         0.         0.         ... 0.         0.         0.        ]]","[[0 0 0 ... 0 0 0]
 [0 0 0 ... 0 0 0]
 [0 0 0 ... 0 0 0]
 ...
 [0 0 0 ... 0 0 0]
 [0 0 0 ... 0 0 0]
 [0 0 0 ... 0 0 0]]","[[0 1 0 ... 1 0 0]
 [1 0 0 ... 0 1 0]
 [1 1 0 ... 0 0 0]
 ...
 [0 0 0 ... 1 1 0]
 [0 0 0 ... 0 0 0]
 [1 0 0 ... 1 0 0]]","[[False False False ... False False False]
 [False False False ... False False False]
 [False False False ... False False False]
 ...
 [False False False ... False False False]
 [False False False ... False False False]
 [False False False ... False False False]]","[[ 4 11  4 ...  8  5  5]
 [18  5  3 ...  3  6  2]
 [12  7  2 ...  1  2  1]
 ...
 [ 3  1  1 ...  7  8  4]
 [ 1  5  1 ...  5  3  0]
 [ 6  1  0 ...  7  2  4]]"
C_1_M04_OC_DGM_P+_151123_1.tif,45,1,"[[0 0 0 ... 0 0 0]
 [0 0 0 ... 0 0 0]
 [0 0 0 ... 0 0 0]
 ...
 [0 1 0 ... 0 0 0]
 [0 0 0 ... 0 0 2]
 [0 2 0 ... 0 0 0]]","[[0 0 0 ... 0 0 0]
 [0 0 0 ... 0 0 0]
 [0 0 0 ... 0 0 0]
 ...
 [0 0 1 ... 0 0 0]
 [0 0 0 ... 0 0 0]
 [0 1 0 ... 0 0 0]]","[[0.        0.        0.        ... 0.        0.        0.       ]
 [0.        0.        0.        ... 1.5151515 0.        0.       ]
 [0.        0.        0.        ... 0.        0.        0.       ]
 ...
 [3.030303  0.        0.        ... 3.030303  0.        0.       ]
 [0.        0.        0.        ... 0.        0.        0.       ]
 [0.        0.        0.        ... 0.        0.        0.       ]]","[[0 0 0 ... 0 0 0]
 [0 0 0 ... 0 0 0]
 [0 0 0 ... 0 0 0]
 ...
 [0 0 0 ... 0 0 0]
 [0 0 0 ... 0 0 0]
 [0 0 0 ... 0 0 0]]","[[0 0 0 ... 0 0 0]
 [0 0 0 ... 0 0 0]
 [0 0 0 ... 0 0 0]
 ...
 [0 0 0 ... 0 0 0]
 [0 0 0 ... 0 0 0]
 [0 0 0 ... 0 0 0]]","[[False False False ... False False False]
 [False False False ... False False False]
 [False False False ... False False False]
 ...
 [False False False ... False False False]
 [False False False ... False False False]
 [False False False ... False False False]]","[[0 0 0 ... 0 0 0]
 [0 0 0 ... 1 0 0]
 [0 0 0 ... 0 0 0]
 ...
 [2 0 0 ... 2 0 0]
 [0 0 0 ... 0 0 0]
 [0 0 0 ... 0 0 0]]"
C_1_M04_OC_L4_P+_151123_1.tif,25,1,"[[0 0 1 ... 0 2 0]
 [0 0 0 ... 0 0 0]
 [0 0 0 ... 1 1 0]
 ...
 [3 0 0 ... 1 1 0]
 [0 0 0 ... 1 3 0]
 [1 0 0 ... 0 1 0]]","[[1 1 0 ... 0 1 0]
 [1 4 0 ... 2 0 0]
 [3 0 1 ... 3 4 0]
 ...
 [1 6 0 ... 2 2 0]
 [3 0 1 ... 0 0 0]
 [0 3 2 ... 0 1 0]]","[[0.         0.         0.         ... 0.         1.5873017  0.        ]
 [0.79365087 0.79365087 0.         ... 0.         0.         0.        ]
 [0.         0.         0.         ... 0.         2.3809524  0.        ]
 ...
 [0.         0.         0.         ... 0.         1.5873017  0.        ]
 [0.         0.79365087 2.3809524  ... 0.         0.         0.        ]
 [0.         0.         0.         ... 0.         0.79365087 0.        ]]","[[0 0 0 ... 0 0 0]
 [0 0 0 ... 0 0 0]
 [0 0 0 ... 0 0 0]
 ...
 [0 0 0 ... 0 0 0]
 [0 0 0 ... 0 0 0]
 [0 0 0 ... 0 0 0]]","[[0 0 0 ... 0 0 0]
 [0 0 0 ... 0 0 0]
 [0 0 0 ... 0 0 0]
 ...
 [0 0 0 ... 0 0 0]
 [0 0 0 ... 0 0 0]
 [0 0 0 ... 0 0 0]]","[[False False False ... False False False]
 [False False False ... False False False]
 [False False False ... False False False]
 ...
 [False False False ... False False False]
 [False False False ... False False False]
 [False False False ... False False False]]","[[0 0 0 ... 0 2 0]
 [3 2 1 ... 0 1 0]
 [0 0 0 ... 0 3 0]
 ...
 [0 1 0 ... 0 2 0]
 [1 3 3 ... 0 0 2]
 [0 0 0 ... 0 2 0]]"
F_1_M04_OC_CA1_P+_231123_1.tif,32,1,"[[1 0 1 ... 0 1 1]
 [0 1 0 ... 1 1 1]
 [0 1 0 ... 0 0 0]
 ...
 [1 0 0 ... 0 1 1]
 [0 0 3 ... 0 0 0]
 [0 2 0 ... 1 0 0]]","[[3 1 0 ... 2 5 2]
 [1 2 1 ... 3 2 1]
 [2 1 1 ... 1 1 1]
 ...
 [0 0 0 ... 1 1 1]
 [2 3 0 ... 0 1 3]
 [1 1 2 ... 8 5 3]]","[[0.       0.       0.       ... 0.       0.       0.      ]
 [0.       0.       0.       ... 0.       0.       0.      ]
 [4.473532 0.       0.       ... 0.       2.236766 0.      ]
 ...
 [0.       0.       0.       ... 4.473532 0.       0.      ]
 [2.236766 0.       0.       ... 2.236766 2.236766 0.      ]
 [2.236766 0.       0.       ... 0.       0.       0.      ]]","[[0 0 0 ... 0 0 0]
 [0 0 0 ... 0 0 0]
 [0 0 0 ... 0 0 0]
 ...
 [0 0 0 ... 0 0 0]
 [0 0 0 ... 0 0 0]
 [0 0 0 ... 0 0 0]]","[[0 0 0 ... 0 0 0]
 [0 0 0 ... 0 0 0]
 [0 0 0 ... 0 0 0]
 ...
 [0 0 0 ... 0 0 0]
 [0 0 0 ... 0 0 0]
 [0 0 0 ... 0 0 0]]","[[False False False ... False False False]
 [False False False ... False False False]
 [False False False ... False False False]
 ...
 [False False False ... False False False]
 [False False False ... False False False]
 [False False False ... False False False]]","[[1 0 0 ... 1 1 0]
 [1 0 0 ... 0 0 0]
 [3 0 1 ... 1 1 0]
 ...
 [0 1 0 ... 2 1 1]
 [1 1 0 ... 1 2 3]
 [1 2 1 ... 0 1 0]]"
B_4_M04_OC_L4_P+_131123_1.tif,30,1,"[[0 1 1 ... 4 1 4]
 [2 1 1 ... 4 2 3]
 [3 1 3 ... 0 0 1]
 ...
 [1 2 1 ... 1 2 0]
 [1 2 1 ... 0 1 1]
 [1 3 3 ... 1 1 1]]","[[5 1 1 ... 1 2 5]
 [1 1 3 ... 5 3 2]
 [2 1 4 ... 0 3 3]
 ...
 [1 3 1 ... 2 2 4]
 [2 0 3 ... 1 2 5]
 [3 1 2 ... 3 5 3]]","[[0.        0.8333334 0.        ... 0.        0.        0.8333334]
 [0.        0.        1.6666667 ... 0.        0.        2.5      ]
 [0.8333334 0.        0.        ... 1.6666667 0.8333334 4.166667 ]
 ...
 [0.        0.        0.        ... 0.        0.        0.8333334]
 [0.        0.        0.        ... 4.166667  0.        0.       ]
 [0.        0.        0.        ... 3.3333335 0.        0.       ]]","[[0 0 0 ... 0 0 0]
 [0 0 0 ... 0 0 0]
 [0 0 0 ... 0 0 0]
 ...
 [0 0 0 ... 0 0 0]
 [0 0 0 ... 0 0 0]
 [0 0 0 ... 0 0 0]]","[[0 0 0 ... 0 0 0]
 [0 0 0 ... 0 0 0]
 [0 0 0 ... 0 0 0]
 ...
 [0 0 0 ... 0 0 0]
 [0 0 0 ... 0 0 0]
 [0 0 0 ... 0 0 0]]","[[False False False ... False False False]
 [False False False ... False False False]
 [False False False ... False False False]
 ...
 [False False False ... False False False]
 [False False False ... False False False]
 [False False False ... False False False]]","[[3 6 3 ... 0 0 2]
 [1 1 3 ... 1 1 3]
 [2 2 1 ... 3 2 5]
 ...
 [1 1 2 ... 0 2 3]
 [2 3 1 ... 6 1 1]
 [1 1 1 ... 5 1 1]]"
